dataset,split,mode,condition,metric,value,valid,total,coverage
JCoLA,all,direct,hard_label,accuracy,0.86,200,200,1.0
JCoLA,all,direct,hard_label,balanced_accuracy,0.7802893309222423,200,200,1.0
JCoLA,all,direct,hard_label,macro_f1,0.7852431354502225,200,200,1.0
JCoLA,all,direct,hard_label,mcc,0.5708207662630247,200,200,1.0
JCoLA,all,direct,t1,nll_logsumexp,0.3490973387817035,200,200,1.0
JCoLA,all,direct,t1,brier_multiclass_sum,0.20852041017997322,200,200,1.0
JCoLA,all,direct,t1,brier_binary_true,0.10426020508998661,200,200,1.0
JCoLA,all,direct,t1,ece_10_equal_width,0.07253936930769343,200,200,1.0
JCoLA,all,direct,historical_temperature,nll_logsumexp,0.32781295539308775,200,200,1.0
JCoLA,all,direct,historical_temperature,brier_multiclass_sum,0.20419726200010527,200,200,1.0
JCoLA,all,direct,historical_temperature,brier_binary_true,0.10209863100005263,200,200,1.0
JCoLA,all,direct,historical_temperature,ece_10_equal_width,0.05178325564862586,200,200,1.0
JCoLA,all,one_token,hard_label,accuracy,0.86,200,200,1.0
JCoLA,all,one_token,hard_label,balanced_accuracy,0.7802893309222423,200,200,1.0
JCoLA,all,one_token,hard_label,macro_f1,0.7852431354502225,200,200,1.0
JCoLA,all,one_token,hard_label,mcc,0.5708207662630247,200,200,1.0
JCoLA,all,one_token,t1,nll_logsumexp,0.3490973387817035,200,200,1.0
JCoLA,all,one_token,t1,brier_multiclass_sum,0.20852041017997322,200,200,1.0
JCoLA,all,one_token,t1,brier_binary_true,0.10426020508998661,200,200,1.0
JCoLA,all,one_token,t1,ece_10_equal_width,0.07253936930769343,200,200,1.0
JCoLA,all,one_token,historical_temperature,nll_logsumexp,0.32781295539308775,200,200,1.0
JCoLA,all,one_token,historical_temperature,brier_multiclass_sum,0.20419726200010527,200,200,1.0
JCoLA,all,one_token,historical_temperature,brier_binary_true,0.10209863100005263,200,200,1.0
JCoLA,all,one_token,historical_temperature,ece_10_equal_width,0.05178325564862586,200,200,1.0
JCoLA,all,json,hard_label,accuracy,0.82,200,200,1.0
JCoLA,all,json,hard_label,balanced_accuracy,0.7811934900542495,200,200,1.0
JCoLA,all,json,hard_label,macro_f1,0.7532894736842105,200,200,1.0
JCoLA,all,json,hard_label,mcc,0.5159589361230313,200,200,1.0
JCoLA,in_domain_valid,direct,hard_label,accuracy,0.86,100,100,1.0
JCoLA,in_domain_valid,direct,hard_label,balanced_accuracy,0.6685606060606061,100,100,1.0
JCoLA,in_domain_valid,direct,hard_label,macro_f1,0.6685606060606061,100,100,1.0
JCoLA,in_domain_valid,direct,hard_label,mcc,0.3371212121212121,100,100,1.0
JCoLA,in_domain_valid,direct,t1,nll_logsumexp,0.4173999432025263,100,100,1.0
JCoLA,in_domain_valid,direct,t1,brier_multiclass_sum,0.23154799054198427,100,100,1.0
JCoLA,in_domain_valid,direct,t1,brier_binary_true,0.11577399527099214,100,100,1.0
JCoLA,in_domain_valid,direct,t1,ece_10_equal_width,0.08954255344457729,100,100,1.0
JCoLA,in_domain_valid,direct,historical_temperature,nll_logsumexp,0.37416038182842487,100,100,1.0
JCoLA,in_domain_valid,direct,historical_temperature,brier_multiclass_sum,0.2259384705652211,100,100,1.0
JCoLA,in_domain_valid,direct,historical_temperature,brier_binary_true,0.11296923528261055,100,100,1.0
JCoLA,in_domain_valid,direct,historical_temperature,ece_10_equal_width,0.06485354218650279,100,100,1.0
JCoLA,in_domain_valid,one_token,hard_label,accuracy,0.86,100,100,1.0
JCoLA,in_domain_valid,one_token,hard_label,balanced_accuracy,0.6685606060606061,100,100,1.0
JCoLA,in_domain_valid,one_token,hard_label,macro_f1,0.6685606060606061,100,100,1.0
JCoLA,in_domain_valid,one_token,hard_label,mcc,0.3371212121212121,100,100,1.0
JCoLA,in_domain_valid,one_token,t1,nll_logsumexp,0.4173999432025263,100,100,1.0
JCoLA,in_domain_valid,one_token,t1,brier_multiclass_sum,0.23154799054198427,100,100,1.0
JCoLA,in_domain_valid,one_token,t1,brier_binary_true,0.11577399527099214,100,100,1.0
JCoLA,in_domain_valid,one_token,t1,ece_10_equal_width,0.08954255344457729,100,100,1.0
JCoLA,in_domain_valid,one_token,historical_temperature,nll_logsumexp,0.37416038182842487,100,100,1.0
JCoLA,in_domain_valid,one_token,historical_temperature,brier_multiclass_sum,0.2259384705652211,100,100,1.0
JCoLA,in_domain_valid,one_token,historical_temperature,brier_binary_true,0.11296923528261055,100,100,1.0
JCoLA,in_domain_valid,one_token,historical_temperature,ece_10_equal_width,0.06485354218650279,100,100,1.0
JCoLA,in_domain_valid,json,hard_label,accuracy,0.79,100,100,1.0
JCoLA,in_domain_valid,json,hard_label,balanced_accuracy,0.6287878787878788,100,100,1.0
JCoLA,in_domain_valid,json,hard_label,macro_f1,0.5991601450658522,100,100,1.0
JCoLA,in_domain_valid,json,hard_label,mcc,0.21336227578496414,100,100,1.0
JCoLA,out_of_domain_valid,direct,hard_label,accuracy,0.86,100,100,1.0
JCoLA,out_of_domain_valid,direct,hard_label,balanced_accuracy,0.8238095238095238,100,100,1.0
JCoLA,out_of_domain_valid,direct,hard_label,macro_f1,0.8300145701796988,100,100,1.0
JCoLA,out_of_domain_valid,direct,hard_label,mcc,0.6609734226557782,100,100,1.0
JCoLA,out_of_domain_valid,direct,t1,nll_logsumexp,0.2807947343608807,100,100,1.0
JCoLA,out_of_domain_valid,direct,t1,brier_multiclass_sum,0.18549282981796214,100,100,1.0
JCoLA,out_of_domain_valid,direct,t1,brier_binary_true,0.09274641490898107,100,100,1.0
JCoLA,out_of_domain_valid,direct,t1,ece_10_equal_width,0.060488769423886445,100,100,1.0
JCoLA,out_of_domain_valid,direct,historical_temperature,nll_logsumexp,0.2814655289577506,100,100,1.0
JCoLA,out_of_domain_valid,direct,historical_temperature,brier_multiclass_sum,0.18245605343498944,100,100,1.0
JCoLA,out_of_domain_valid,direct,historical_temperature,brier_binary_true,0.09122802671749472,100,100,1.0
JCoLA,out_of_domain_valid,direct,historical_temperature,ece_10_equal_width,0.05281616674155999,100,100,1.0
JCoLA,out_of_domain_valid,one_token,hard_label,accuracy,0.86,100,100,1.0
JCoLA,out_of_domain_valid,one_token,hard_label,balanced_accuracy,0.8238095238095238,100,100,1.0
JCoLA,out_of_domain_valid,one_token,hard_label,macro_f1,0.8300145701796988,100,100,1.0
JCoLA,out_of_domain_valid,one_token,hard_label,mcc,0.6609734226557782,100,100,1.0
JCoLA,out_of_domain_valid,one_token,t1,nll_logsumexp,0.2807947343608807,100,100,1.0
JCoLA,out_of_domain_valid,one_token,t1,brier_multiclass_sum,0.18549282981796214,100,100,1.0
JCoLA,out_of_domain_valid,one_token,t1,brier_binary_true,0.09274641490898107,100,100,1.0
JCoLA,out_of_domain_valid,one_token,t1,ece_10_equal_width,0.060488769423886445,100,100,1.0
JCoLA,out_of_domain_valid,one_token,historical_temperature,nll_logsumexp,0.2814655289577506,100,100,1.0
JCoLA,out_of_domain_valid,one_token,historical_temperature,brier_multiclass_sum,0.18245605343498944,100,100,1.0
JCoLA,out_of_domain_valid,one_token,historical_temperature,brier_binary_true,0.09122802671749472,100,100,1.0
JCoLA,out_of_domain_valid,one_token,historical_temperature,ece_10_equal_width,0.05281616674155999,100,100,1.0
JCoLA,out_of_domain_valid,json,hard_label,accuracy,0.85,100,100,1.0
JCoLA,out_of_domain_valid,json,hard_label,balanced_accuracy,0.8452380952380952,100,100,1.0
JCoLA,out_of_domain_valid,json,hard_label,macro_f1,0.829059829059829,100,100,1.0
JCoLA,out_of_domain_valid,json,hard_label,mcc,0.6633880657639325,100,100,1.0
JSTS,all,direct,hard_selected_stage,mae,0.548,200,200,1.0
JSTS,all,direct,hard_selected_stage,rmse,0.7464583042608609,200,200,1.0
JSTS,all,direct,hard_selected_stage,pearson,0.9058266117996377,200,200,1.0
JSTS,all,direct,hard_selected_stage,spearman_average_ranks,0.8753557075573405,200,200,1.0
JSTS,all,direct,hard_selected_stage,normalized_mae_divided_by_5,0.1096,200,200,1.0
JSTS,all,direct,t1,mae,0.5064932742637216,200,200,1.0
JSTS,all,direct,t1,rmse,0.6688013286685927,200,200,1.0
JSTS,all,direct,t1,pearson,0.9192133661552703,200,200,1.0
JSTS,all,direct,t1,spearman_average_ranks,0.889231016399466,200,200,1.0
JSTS,all,direct,t1,normalized_mae_divided_by_5,0.10129865485274432,200,200,1.0
JSTS,all,direct,historical_temperature,mae,0.49836248670672795,200,200,1.0
JSTS,all,direct,historical_temperature,rmse,0.6550198097819872,200,200,1.0
JSTS,all,direct,historical_temperature,pearson,0.9187842059292699,200,200,1.0
JSTS,all,direct,historical_temperature,spearman_average_ranks,0.8894113736262356,200,200,1.0
JSTS,all,direct,historical_temperature,normalized_mae_divided_by_5,0.09967249734134559,200,200,1.0
JSTS,all,one_token,hard_selected_stage,mae,0.548,200,200,1.0
JSTS,all,one_token,hard_selected_stage,rmse,0.7464583042608609,200,200,1.0
JSTS,all,one_token,hard_selected_stage,pearson,0.9058266117996377,200,200,1.0
JSTS,all,one_token,hard_selected_stage,spearman_average_ranks,0.8753557075573405,200,200,1.0
JSTS,all,one_token,hard_selected_stage,normalized_mae_divided_by_5,0.1096,200,200,1.0
JSTS,all,one_token,t1,mae,0.5064932742637216,200,200,1.0
JSTS,all,one_token,t1,rmse,0.6688013286685927,200,200,1.0
JSTS,all,one_token,t1,pearson,0.9192133661552703,200,200,1.0
JSTS,all,one_token,t1,spearman_average_ranks,0.889231016399466,200,200,1.0
JSTS,all,one_token,t1,normalized_mae_divided_by_5,0.10129865485274432,200,200,1.0
JSTS,all,one_token,historical_temperature,mae,0.49836248670672795,200,200,1.0
JSTS,all,one_token,historical_temperature,rmse,0.6550198097819872,200,200,1.0
JSTS,all,one_token,historical_temperature,pearson,0.9187842059292699,200,200,1.0
JSTS,all,one_token,historical_temperature,spearman_average_ranks,0.8894113736262356,200,200,1.0
JSTS,all,one_token,historical_temperature,normalized_mae_divided_by_5,0.09967249734134559,200,200,1.0
JSTS,all,json,hard_selected_stage,mae,0.565,200,200,1.0
JSTS,all,json,hard_selected_stage,rmse,0.765636989702039,200,200,1.0
JSTS,all,json,hard_selected_stage,pearson,0.8996452240677008,200,200,1.0
JSTS,all,json,hard_selected_stage,spearman_average_ranks,0.8724959553865763,200,200,1.0
JSTS,all,json,hard_selected_stage,normalized_mae_divided_by_5,0.11299999999999999,200,200,1.0
JCommonsenseQA,all,direct,hard_label,accuracy,0.95,200,200,1.0
JCommonsenseQA,all,direct,hard_label,balanced_accuracy,0.9523809523809523,200,200,1.0
JCommonsenseQA,all,direct,hard_label,macro_f1,0.9506393279090768,200,200,1.0
JCommonsenseQA,all,direct,t1,nll_logsumexp,0.1324251039442584,200,200,1.0
JCommonsenseQA,all,direct,t1,brier_multiclass_sum,0.06959989828498281,200,200,1.0
JCommonsenseQA,all,direct,t1,brier_binary_true,,200,200,1.0
JCommonsenseQA,all,direct,t1,ece_10_equal_width,0.0326176015594444,200,200,1.0
JCommonsenseQA,all,direct,historical_temperature,nll_logsumexp,0.13180443591307273,200,200,1.0
JCommonsenseQA,all,direct,historical_temperature,brier_multiclass_sum,0.06643908960469845,200,200,1.0
JCommonsenseQA,all,direct,historical_temperature,brier_binary_true,,200,200,1.0
JCommonsenseQA,all,direct,historical_temperature,ece_10_equal_width,0.03525457699766798,200,200,1.0
JCommonsenseQA,all,one_token,hard_label,accuracy,0.95,200,200,1.0
JCommonsenseQA,all,one_token,hard_label,balanced_accuracy,0.9523809523809523,200,200,1.0
JCommonsenseQA,all,one_token,hard_label,macro_f1,0.9506393279090768,200,200,1.0
JCommonsenseQA,all,one_token,t1,nll_logsumexp,0.1324251039442584,200,200,1.0
JCommonsenseQA,all,one_token,t1,brier_multiclass_sum,0.06959989828498281,200,200,1.0
JCommonsenseQA,all,one_token,t1,brier_binary_true,,200,200,1.0
JCommonsenseQA,all,one_token,t1,ece_10_equal_width,0.0326176015594444,200,200,1.0
JCommonsenseQA,all,one_token,historical_temperature,nll_logsumexp,0.13180443591307273,200,200,1.0
JCommonsenseQA,all,one_token,historical_temperature,brier_multiclass_sum,0.06643908960469845,200,200,1.0
JCommonsenseQA,all,one_token,historical_temperature,brier_binary_true,,200,200,1.0
JCommonsenseQA,all,one_token,historical_temperature,ece_10_equal_width,0.03525457699766798,200,200,1.0
JCommonsenseQA,all,json,hard_label,accuracy,0.955,200,200,1.0
JCommonsenseQA,all,json,hard_label,balanced_accuracy,0.9569264069264068,200,200,1.0
JCommonsenseQA,all,json,hard_label,macro_f1,0.9556204939458948,200,200,1.0
