dataset,mode,phase,n,mean,p50,p95,min,max,sum
local_v2,direct,completion_check_ms,750,0.0,0.0,0.0,0.0,0.0,0.0
local_v2,direct,decode_ms,750,0.0,0.0,0.0,0.0,0.0,0.0
local_v2,direct,native_total_ms,750,283.71587466666665,276.91416649999996,393.84004359999994,172.664916,721.27475,212786.906
local_v2,direct,parse_ms,750,0.013798193333333333,0.013584,0.018610749999999995,0.007458,0.035083,10.348645
local_v2,direct,prefill_ms,750,280.27351460933335,274.271875,389.3169708,170.330208,525.704209,210205.135957
local_v2,direct,readout_ms,750,0.001230032,0.001208,0.002125,0.000375,0.004125,0.922524
local_v2,direct,render_ms,750,0.5561909973333333,0.5625,0.6972792,0.411625,1.109084,417.143248
local_v2,direct,response_prepare_ms,750,0.037690350666666664,0.0367915,0.04735014999999999,0.022958,0.17675,28.267763
local_v2,direct,response_serialization_ms,750,0.005025290666666667,0.004958,0.006917,0.002792,0.008833,3.768968
local_v2,direct,sampler_setup_ms,750,4.420266666666667e-05,4.2e-05,0.000125,0.0,0.000292,0.033152
local_v2,direct,sampling_ms,750,0.0,0.0,0.0,0.0,0.0,0.0
local_v2,direct,state_reset_ms,750,0.6503003346666667,0.5442914999999999,1.4755831499999996,0.442541,3.101833,487.725251
local_v2,direct,tokenize_validate_ms,750,2.1737493746666665,1.4429165,3.6665081499999994,0.611542,282.436166,1630.312031
local_v2,one_token,completion_check_ms,750,0.00046518,0.000458,0.000792,0.0,0.001167,0.348885
local_v2,one_token,decode_ms,750,0.0,0.0,0.0,0.0,0.0,0.0
local_v2,one_token,native_total_ms,750,283.5114219853333,276.9645835,394.44409375,170.448209,512.235542,212633.566489
local_v2,one_token,parse_ms,750,0.013875,0.0135625,0.01896089999999998,0.006917,0.036584,10.40625
local_v2,one_token,prefill_ms,750,280.18991979866666,273.85816650000004,389.06985259999993,168.514375,506.811459,210142.439849
local_v2,one_token,readout_ms,750,0.0012108733333333335,0.0011665,0.002125,0.000334,0.003167,0.908155
local_v2,one_token,render_ms,750,0.557094952,0.563646,0.70133765,0.408291,1.17325,417.821214
local_v2,one_token,response_prepare_ms,750,0.03541744266666667,0.035125,0.04751249999999999,0.020292,0.08125,26.563082
local_v2,one_token,response_serialization_ms,750,0.005041041333333334,0.004875,0.00675,0.002833,0.078542,3.780781
local_v2,one_token,sampler_setup_ms,750,0.0008494066666666667,0.000833,0.001208,0.000333,0.001625,0.637055
local_v2,one_token,sampling_ms,750,0.2750690653333333,0.27331300000000003,0.3387520499999999,0.228458,0.944792,206.301799
local_v2,one_token,state_reset_ms,750,0.6332871026666667,0.5471254999999999,1.3655040499999995,0.427708,1.694875,474.965327
local_v2,one_token,tokenize_validate_ms,750,1.7943247693333333,1.4323545000000002,3.5366789499999998,0.514125,5.011541,1345.743577
local_v2,json,completion_check_ms,750,0.036590936,0.0341675,0.052993049999999986,0.018082,0.07208500000000001,27.443202
local_v2,json,decode_ms,750,85.56616577066666,92.93479250000001,115.3416131,57.737708,132.457541,64174.624328
local_v2,json,native_total_ms,750,447.464284636,436.583125,593.7553185999999,286.734167,696.459375,335598.213477
local_v2,json,parse_ms,750,0.014149673333333333,0.013979499999999999,0.018921199999999996,0.007708,0.046875,10.612255
local_v2,json,prefill_ms,750,293.5835502773333,286.75381200000004,410.7987731,171.116292,515.065,220187.662708
local_v2,json,readout_ms,750,7.144933333333333e-05,4.2e-05,0.000208,0.0,0.000334,0.053587
local_v2,json,render_ms,750,0.5516880506666666,0.5587915000000001,0.6891560999999999,0.407584,1.755625,413.766038
local_v2,json,response_prepare_ms,750,0.037763033333333335,0.03675,0.04809184999999999,0.024416,0.091041,28.322275
local_v2,json,response_serialization_ms,750,0.00411756,0.004,0.005209,0.003,0.024291,3.08817
local_v2,json,sampler_setup_ms,750,0.015635601333333332,0.01525,0.020818749999999997,0.009333,0.02925,11.726701
local_v2,json,sampling_ms,750,66.453896732,65.44410400000001,97.35265365,41.39396000000001,129.649041,49840.422549
local_v2,json,state_reset_ms,750,0.6234160746666666,0.550063,1.1572311,0.424292,1.738916,467.562056
local_v2,json,tokenize_validate_ms,750,0.5675041213333333,0.5641875000000001,0.760833,0.21275,2.243458,425.628091
JCoLA,direct,completion_check_ms,200,0.0,0.0,0.0,0.0,0.0,0.0
JCoLA,direct,decode_ms,200,0.0,0.0,0.0,0.0,0.0,0.0
JCoLA,direct,native_total_ms,200,274.99362141999995,280.8595835,314.64307675,191.999875,349.087375,54998.724283999996
JCoLA,direct,parse_ms,200,0.01508058,0.015020499999999999,0.018428499999999993,0.011083,0.02125,3.016116
JCoLA,direct,prefill_ms,200,272.414053335,278.28695849999997,311.85787289999996,189.810583,345.485125,54482.810667
JCoLA,direct,readout_ms,200,0.000681665,0.000625,0.001042,0.000375,0.001333,0.136333
JCoLA,direct,render_ms,200,0.603771695,0.5872085,0.7400416499999998,0.473042,0.87125,120.754339
JCoLA,direct,response_prepare_ms,200,0.03802186,0.037437,0.04486214999999999,0.030083,0.052708,7.604372
JCoLA,direct,response_serialization_ms,200,0.005103725,0.004959,0.0065431,0.003375,0.00775,1.020745
JCoLA,direct,sampler_setup_ms,200,3.4229999999999996e-05,4.2e-05,0.000125,0.0,0.00025,0.006846
JCoLA,direct,sampling_ms,200,0.0,0.0,0.0,0.0,0.0,0.0
JCoLA,direct,state_reset_ms,200,0.561655445,0.548625,0.6764895999999999,0.460625,1.042167,112.331089
JCoLA,direct,tokenize_validate_ms,200,1.3508464599999999,1.3042085,1.6320520499999986,1.070667,2.0275,270.169292
JCoLA,one_token,completion_check_ms,200,0.0005681,0.000583,0.000917,4.1e-05,0.001167,0.11362
JCoLA,one_token,decode_ms,200,0.0,0.0,0.0,0.0,0.0,0.0
JCoLA,one_token,native_total_ms,200,275.49790251499996,281.5569165,313.37035829999996,192.208625,340.057125,55099.580503
JCoLA,one_token,parse_ms,200,0.015055825,0.014937,0.018004199999999998,0.01125,0.020375,3.011165
JCoLA,one_token,prefill_ms,200,272.63865396,278.63216650000004,309.8793395999999,189.870916,336.964333,54527.730792
JCoLA,one_token,readout_ms,200,0.000684385,0.000625,0.001,0.000417,0.00125,0.136877
JCoLA,one_token,render_ms,200,0.6034589,0.5868955,0.7188485499999998,0.461959,0.804,120.69178
JCoLA,one_token,response_prepare_ms,200,0.03734416,0.0366665,0.04350415,0.028459,0.096125,7.468832
JCoLA,one_token,response_serialization_ms,200,0.0049822749999999996,0.004916500000000001,0.006339249999999998,0.00325,0.00775,0.996455
JCoLA,one_token,sampler_setup_ms,200,0.0008495750000000001,0.000833,0.0010860499999999992,0.000375,0.003583,0.169915
JCoLA,one_token,sampling_ms,200,0.289975025,0.28454199999999996,0.3416898999999998,0.232958,0.410667,57.995005
JCoLA,one_token,state_reset_ms,200,0.561305795,0.550208,0.6710788499999998,0.45325,0.741167,112.261159
JCoLA,one_token,tokenize_validate_ms,200,1.339960635,1.3058955,1.5868107499999997,0.991208,1.783041,267.992127
JCoLA,json,completion_check_ms,200,0.044898734999999995,0.046729,0.05684409999999998,0.025373,0.067292,8.979747
JCoLA,json,decode_ms,200,103.660106645,113.65623049999999,124.8471548,57.615292,129.731043,20732.021329
JCoLA,json,native_total_ms,200,478.85577933499997,495.604021,552.1607148999999,300.222542,604.3045,95771.155867
JCoLA,json,parse_ms,200,0.01565979,0.0153955,0.019002099999999997,0.01075,0.022042,3.131958
JCoLA,json,prefill_ms,200,289.69237583,294.36254199999996,330.24832914999996,195.579541,362.077541,57938.475166
JCoLA,json,readout_ms,200,5.9800000000000003e-05,4.2e-05,0.000167,0.0,0.00025,0.01196
JCoLA,json,render_ms,200,0.5987389799999999,0.583396,0.7367350999999999,0.445,0.85475,119.747796
JCoLA,json,response_prepare_ms,200,0.03939871,0.0385415,0.046552399999999994,0.031041,0.078083,7.879742
JCoLA,json,response_serialization_ms,200,0.0044770949999999995,0.004375,0.005542,0.003208,0.00825,0.895419
JCoLA,json,sampler_setup_ms,200,0.01502207,0.0146045,0.01712705,0.012125,0.039334,3.004414
JCoLA,json,sampling_ms,200,83.55486251500001,87.219021,110.35622259999998,45.133748999999995,124.063833,16710.972503
JCoLA,json,state_reset_ms,200,0.561575175,0.5398959999999999,0.6838627999999999,0.4485,1.058417,112.315035
JCoLA,json,tokenize_validate_ms,200,0.65826251,0.6486460000000001,0.7822937499999998,0.491458,0.914042,131.652502
JSTS,direct,completion_check_ms,200,0.0,0.0,0.0,0.0,0.0,0.0
JSTS,direct,decode_ms,200,0.0,0.0,0.0,0.0,0.0,0.0
JSTS,direct,native_total_ms,200,387.87856981,392.509104,443.52455799999996,267.506791,502.415583,77575.713962
JSTS,direct,parse_ms,200,0.0188719,0.018479,0.023182699999999994,0.015417,0.028083,3.77438
JSTS,direct,prefill_ms,200,382.38898770500003,387.18456249999997,437.7319146,262.901917,493.821834,76477.797541
JSTS,direct,readout_ms,200,0.0017144,0.001708,0.00216605,0.001084,0.002584,0.34288
JSTS,direct,render_ms,200,0.6066921,0.591125,0.7239645999999998,0.4875,0.933291,121.33842
JSTS,direct,response_prepare_ms,200,0.04740101,0.046854,0.05637915,0.038125,0.063334,9.480202
JSTS,direct,response_serialization_ms,200,0.005969164999999999,0.005833,0.0073380999999999984,0.004083,0.00825,1.193833
JSTS,direct,sampler_setup_ms,200,3.7945e-05,4.2e-05,0.000125,0.0,0.000208,0.007588999999999999
JSTS,direct,sampling_ms,200,0.0,0.0,0.0,0.0,0.0,0.0
JSTS,direct,state_reset_ms,200,0.573342275,0.548333,0.69494615,0.470917,1.562709,114.668455
JSTS,direct,tokenize_validate_ms,200,4.23127086,4.103104,5.1261503,3.406,6.721334,846.254172
JSTS,one_token,completion_check_ms,200,0.0005164599999999999,0.000542,0.000833,4.1e-05,0.000958,0.103292
JSTS,one_token,decode_ms,200,0.0,0.0,0.0,0.0,0.0,0.0
JSTS,one_token,native_total_ms,200,388.26235772499996,392.650062,437.29653714999995,269.359958,508.094167,77652.471545
JSTS,one_token,parse_ms,200,0.01896563,0.018667,0.0233792,0.014667,0.0275,3.793126
JSTS,one_token,prefill_ms,200,382.447883955,386.8319995,431.306792,264.276417,500.65375,76489.576791
JSTS,one_token,readout_ms,200,0.00170454,0.001708,0.002086049999999999,0.001,0.002167,0.340908
JSTS,one_token,render_ms,200,0.6095983300000001,0.5970415,0.7461544999999999,0.440167,0.850459,121.919666
JSTS,one_token,response_prepare_ms,200,0.04677393999999999,0.0457915,0.056260399999999995,0.036292,0.076292,9.354788
JSTS,one_token,response_serialization_ms,200,0.00593169,0.005792,0.007254199999999999,0.004333,0.015291,1.186338
JSTS,one_token,sampler_setup_ms,200,0.000838745,0.000833,0.001084,0.000458,0.00125,0.167749
JSTS,one_token,sampling_ms,200,0.293451005,0.2839585,0.36609965,0.238125,0.449334,58.690201
JSTS,one_token,state_reset_ms,200,0.57077976,0.5564370000000001,0.6891423,0.462166,0.774,114.155952
JSTS,one_token,tokenize_validate_ms,200,4.260845455,4.110896,5.30796665,3.289584,8.1475,852.169091
JSTS,json,completion_check_ms,200,0.04546588,0.0447505,0.05233715,0.037833000000000006,0.058665999999999996,9.093176
JSTS,json,decode_ms,200,98.970573515,98.6993315,106.99116034999999,86.068917,115.45791600000001,19794.114703
JSTS,json,native_total_ms,200,579.701011865,582.9276460000001,649.6508735499999,423.058167,705.027209,115940.20237300001
JSTS,json,parse_ms,200,0.018734135,0.018292,0.023512499999999995,0.014833,0.026375,3.746827
JSTS,json,prefill_ms,200,392.83210562,399.078896,448.96500799999995,263.338708,501.081208,78566.421124
JSTS,json,readout_ms,200,6.604999999999999e-05,4.2e-05,0.00025,0.0,0.000333,0.01321
JSTS,json,render_ms,200,0.603445805,0.589729,0.7493881499999999,0.482625,0.840291,120.689161
JSTS,json,response_prepare_ms,200,0.046737089999999995,0.0457915,0.05629405,0.038875,0.06225,9.347418
JSTS,json,response_serialization_ms,200,0.00443274,0.004292,0.005543149999999999,0.003375,0.012541,0.886548
JSTS,json,sampler_setup_ms,200,0.015884395,0.015709,0.018547299999999996,0.012542,0.022916,3.176879
JSTS,json,sampling_ms,200,85.641062525,83.2991245,104.9763292,70.194875,122.77070699999999,17128.212505
JSTS,json,state_reset_ms,200,0.56899828,0.5480415000000001,0.68535065,0.472833,1.429166,113.799656
JSTS,json,tokenize_validate_ms,200,0.9433799399999999,0.9265414999999999,1.1224211499999996,0.730417,1.489209,188.675988
JCommonsenseQA,direct,completion_check_ms,200,0.0,0.0,0.0,0.0,0.0,0.0
JCommonsenseQA,direct,decode_ms,200,0.0,0.0,0.0,0.0,0.0,0.0
JCommonsenseQA,direct,native_total_ms,200,263.35480312,267.740104,305.18164404999993,173.500208,377.562833,52670.960624
JCommonsenseQA,direct,parse_ms,200,0.013710614999999999,0.0135,0.01666905,0.010459,0.018292,2.742123
JCommonsenseQA,direct,prefill_ms,200,260.159063755,264.3621455,302.18733749999996,170.799416,373.235459,52031.812751
JCommonsenseQA,direct,readout_ms,200,0.00152246,0.0015,0.0019160499999999999,0.000791,0.002375,0.304492
JCommonsenseQA,direct,render_ms,200,0.60493853,0.586854,0.7479021,0.468875,0.771083,120.987706
JCommonsenseQA,direct,response_prepare_ms,200,0.036043135,0.035521,0.0427521,0.028708,0.045417,7.208627
JCommonsenseQA,direct,response_serialization_ms,200,0.00563268,0.005541,0.00725,0.003583,0.008292,1.126536
JCommonsenseQA,direct,sampler_setup_ms,200,4.8710000000000006e-05,4.1e-05,0.000167,0.0,0.000291,0.009742
JCommonsenseQA,direct,sampling_ms,200,0.0,0.0,0.0,0.0,0.0,0.0
JCommonsenseQA,direct,state_reset_ms,200,0.56718477,0.5461455,0.6820104,0.454625,1.575209,113.436954
JCommonsenseQA,direct,tokenize_validate_ms,200,1.962365395,1.9217705,2.3722981999999986,1.543542,2.964833,392.473079
JCommonsenseQA,one_token,completion_check_ms,200,0.000564405,0.000542,0.000875,4.1e-05,0.001084,0.112881
JCommonsenseQA,one_token,decode_ms,200,0.0,0.0,0.0,0.0,0.0,0.0
JCommonsenseQA,one_token,native_total_ms,200,263.49351753499997,267.98289550000004,301.77665414999996,174.631625,371.452125,52698.703507
JCommonsenseQA,one_token,parse_ms,200,0.0137721,0.0134375,0.01688125,0.010375,0.019583,2.75442
JCommonsenseQA,one_token,prefill_ms,200,260.001489755,264.71918800000003,298.4251101,171.756292,366.702208,52000.297951
JCommonsenseQA,one_token,readout_ms,200,0.0015327399999999999,0.0015,0.0019160499999999999,0.000792,0.002792,0.306548
JCommonsenseQA,one_token,render_ms,200,0.60577333,0.5888125,0.7436437499999999,0.4785,0.818583,121.154666
JCommonsenseQA,one_token,response_prepare_ms,200,0.03567708,0.035146,0.04234135,0.024458,0.045167,7.135416
JCommonsenseQA,one_token,response_serialization_ms,200,0.005747085,0.005667,0.007212149999999999,0.00325,0.008292,1.149417
JCommonsenseQA,one_token,sampler_setup_ms,200,0.000832065,0.000833,0.0010860499999999992,0.000334,0.001292,0.166413
JCommonsenseQA,one_token,sampling_ms,200,0.29380872,0.282667,0.366175,0.231083,0.412833,58.761744
JCommonsenseQA,one_token,state_reset_ms,200,0.56458393,0.5495835,0.6768124999999999,0.468333,0.928166,112.916786
JCommonsenseQA,one_token,tokenize_validate_ms,200,1.964588345,1.914792,2.34971285,1.53425,3.034292,392.917669
JCommonsenseQA,json,completion_check_ms,200,0.035110585,0.031895999999999994,0.05394319999999999,0.025374999999999998,0.074041,7.022117
JCommonsenseQA,json,decode_ms,200,75.37680998,67.116875,115.6422161,57.6415,132.53254299999998,15075.361996
JCommonsenseQA,json,native_total_ms,200,423.91165020499994,414.26585450000005,509.04868989999994,296.413875,628.540625,84782.330041
JCommonsenseQA,json,parse_ms,200,0.014363365,0.0141665,0.017233049999999993,0.010375,0.019875,2.872673
JCommonsenseQA,json,prefill_ms,200,283.27641273,286.433979,322.10488365,190.743583,388.5835,56655.282546
JCommonsenseQA,json,readout_ms,200,5.9155e-05,4.2e-05,0.000167,0.0,0.000292,0.011831
JCommonsenseQA,json,render_ms,200,0.5996454099999999,0.5880415,0.7454788499999999,0.4595,0.856833,119.929082
JCommonsenseQA,json,response_prepare_ms,200,0.03741689,0.0367705,0.04481489999999999,0.029209,0.055208,7.483378
JCommonsenseQA,json,response_serialization_ms,200,0.004490195,0.004417,0.005541,0.003375,0.006625,0.898039
JCommonsenseQA,json,sampler_setup_ms,200,0.016741634999999998,0.016375,0.019421149999999998,0.011917,0.038667,3.348327
JCommonsenseQA,json,sampling_ms,200,63.394690625,56.1136245,96.46668059999998,45.282001,127.741292,12678.938125
JCommonsenseQA,json,state_reset_ms,200,0.5673339949999999,0.5453545,0.67742945,0.455541,1.600625,113.466799
JCommonsenseQA,json,tokenize_validate_ms,200,0.5795589600000001,0.574604,0.66542435,0.381458,1.069916,115.911792
