id,source,type,family,gold,predicted,max_probability,entropy_confidence,gold_nll,score_mae,state,instructions,criteria
v2-gen-score-07-024,generated,score,証拠の最高到達段階,0,1,0.9986743001618464,0.9854162830441553,6.625814779243315,0.9986743001618464,この調査固有の証拠段階表: 口頭メモは段階1。青空で得られた証拠はなし。複数ある場合は最大の段階を使い、なければ0です。,この調査の証拠段階を選んでください。,"[""証拠なしの段階0"", ""表に基づく最高証拠段階1""]"
v2-gen-score-07-038,generated,score,証拠の最高到達段階,0,1,0.9972971079593216,0.9730466958269289,5.913432953041004,0.9972971079593216,この調査固有の証拠段階表: 写真記録は段階1。木漏れ日で得られた証拠はなし。複数ある場合は最大の段階を使い、なければ0です。,この調査の証拠段階を選んでください。,"[""証拠なしの段階0"", ""表に基づく最高証拠段階1""]"
v2-gen-choice-12-007,generated,choice,条件付き不足書類,承認書,申込書,0.9776361885524646,0.8966052527146102,3.8888490357220054,,書類確認の優先順は申込書→承認書。申込書だけは代理申請の場合に限って必要で、それ以外は常に必要です。今回は本人申請。提出済みはなしです。,申請区分に応じて必要書類を確認し、最優先で追加提出を求めるものを答えてください。なければ追加不要です。,"{""承認書"": ""承認書"", ""申込書"": ""申込書"", ""追加不要"": ""必要書類はすべて提出済み""}"
v2-gen-score-13-027,generated,score,取消しを反映した件数,3,4,0.9712216802262121,0.9005774743882154,3.978741070488619,0.9524737934076137,"{""催し"": ""白波"", ""申込み"": [{""氏名"": ""石田"", ""受付済み"": true, ""取消済み"": false}, {""氏名"": ""渡辺"", ""受付済み"": false, ""取消済み"": false}, {""氏名"": ""中村"", ""受付済み"": true, ""取消済み"": false}, {""氏名"": ""大野"", ""受付済み"": false, ""取消済み"": false}, {""氏名"": ""遠藤"", ""受付済み"": true, ""取消済み"": false}, {""氏名"": ""木村"", ""受付済み"": false, ""取消済み"": false}], ""まとめ方"": ""4件以上は段階4""}",現在有効な申込みだけを数えて評価してください。,"[""有効申込みが0件"", ""有効申込みが1件"", ""有効申込みが2件"", ""有効申込みが3件"", ""有効申込みが4件以上""]"
v2-gen-score-14-014,generated,score,参照表の順序尺度,3,4,0.9517625283193113,0.8510335809314228,4.9399780016073205,0.9366622780257181,"{""検査対象"": ""青空"", ""今回の対応表"": {""紫"": 0, ""黒"": 1, ""黄"": 2, ""茶"": 3, ""青"": 4, ""赤"": 5}, ""確定票の印"": ""茶""}",一般常識ではなく示された表に従って段階を答えてください。,"[""表による段階0"", ""表による段階1"", ""表による段階2"", ""表による段階3"", ""表による段階4"", ""表による段階5""]"
v2-gen-score-07-036,generated,score,証拠の最高到達段階,5,4,0.9510463999509169,0.8654518624229351,3.831222768874607,0.9699107865976897,"{""調査"": ""木漏れ日"", ""この調査の証拠段階"": {""一次資料"": 1, ""写真記録"": 2, ""立会記録"": 3, ""監査記録"": 4, ""口頭メモ"": 5, ""署名済み文書"": 6}, ""得られた証拠"": [""監査記録"", ""一次資料"", ""立会記録"", ""口頭メモ"", ""写真記録""], ""集約規則"": ""得られた段階の最大。証拠なしは0""}",明示された段階表だけで証拠を評価してください。,"[""証拠なしの段階0"", ""表に基づく最高証拠段階1"", ""表に基づく最高証拠段階2"", ""表に基づく最高証拠段階3"", ""表に基づく最高証拠段階4"", ""表に基づく最高証拠段階5"", ""表に基づく最高証拠段階6""]"
v2-gen-choice-12-014,generated,choice,条件付き不足書類,委任状,申込書,0.9470832926220927,0.8551024730742042,4.34933218370728,,書類確認の優先順は申込書→委任状→見積書→同意書→受領票→承認書。申込書だけは代理申請の場合に限って必要で、それ以外は常に必要です。今回は本人申請。提出済みはなしです。,必要な不足書類を先頭から一つだけ案内します。どれですか。必要書類に不足がなければ追加不要です。,"{""受領票"": ""受領票"", ""同意書"": ""同意書"", ""委任状"": ""委任状"", ""承認書"": ""承認書"", ""申込書"": ""申込書"", ""見積書"": ""見積書"", ""追加不要"": ""必要書類はすべて提出済み""}"
v2-gen-score-11-015,generated,score,時刻順の評価更新,2,5,0.939928303046243,0.8439004897826228,3.3687772195694006,2.8596753463585642,木漏れ日の評価更新履歴: 19時に段階2、11時に段階3、18時に段階5。評価は最新時刻の値だけを採用します。,最後に更新された有効な段階はいくつですか。,"[""評価段階0"", ""評価段階1"", ""評価段階2"", ""評価段階3"", ""評価段階4"", ""評価段階5"", ""評価段階6""]"
v2-gen-score-11-044,generated,score,時刻順の評価更新,4,5,0.9333540691960468,0.8268323039287373,3.640345235038859,0.8988370679074835,白波の評価更新履歴: 20時に段階1、21時に段階4、9時に段階5。評価は最新時刻の値だけを採用します。,履歴の記載順に惑わされず、最新評価を答えてください。,"[""評価段階0"", ""評価段階1"", ""評価段階2"", ""評価段階3"", ""評価段階4"", ""評価段階5"", ""評価段階6"", ""評価段階7""]"
manual_v2_choice_060,manual,choice,arithmetic,option_3,option_0,0.923017247709284,0.7840836710812125,2.9975982543141733,,パズルで1手進めるごとに2点得る。4手進めてから罠で3点失い、ほかに加減点はない。,この間の得点の増加を選ぶ。,"{""option_0"": ""3点"", ""option_1"": ""4点"", ""option_2"": ""6点"", ""option_3"": ""5点"", ""option_4"": ""8点""}"
v2-gen-noul-15-040,generated,noul,出来事の前後関係,false,true,0.915092637582487,0.5807611669690411,2.466194470726063,,渡辺さんの作業日誌は実施順に検品→引継ぎ→荷物受取→伝票記入→電話連絡→報告→休憩→棚への配置です。記載した各作業は一回ずつ実施しました。,『棚への配置が先、検品が後』という順序は正しいですか。,"{""false"": ""いいえ。質問の命題は成立しない。"", ""true"": ""はい。質問の命題が成立する。""}"
v2-gen-score-06-021,generated,score,約束時刻からの遅れ,2,1,0.9147276441406752,0.8038820573666599,2.6920138629083197,0.9269813186424771,木漏れ日便は9時到着の約束でした。実際の到着は同じ日の11時です。早着した場合の遅れは0時間とします。,到着の遅れを段階基準で評価してください。,"[""遅れが1時間未満"", ""遅れが1時間以上、2時間未満"", ""遅れが2時間以上、3時間未満"", ""遅れが3時間以上、4時間未満"", ""遅れが4時間以上、5時間未満"", ""遅れが5時間以上""]"
v2-gen-choice-03-033,generated,choice,最終更新,確認中,承認,0.9128884760832093,0.774880196875769,2.7179835479576875,,案件「朝露」の記録です。16時の更新: 未着手。 11時の更新: 確認中。 20時の更新: 確認中。 15時の更新: 差戻し。 19時の更新: 承認。,記載順ではなく更新時刻を比べ、最新の状態を選んでください。,"{""取消"": ""取消"", ""差戻し"": ""差戻し"", ""承認"": ""承認"", ""未着手"": ""未着手"", ""確認中"": ""確認中""}"
v2-gen-choice-10-033,generated,choice,不在時の代理,上田,森,0.9100833483382242,0.7826224331366156,3.7735265590239844,,担当者: 草原は林、灯台は石田、水面は森、白波は上田、青空は山田、朝露は加藤、山道は大野、春風は中村。代理者: 林の代理は石田、石田の代理は森、森の代理は上田、上田の代理は山田、山田の代理は加藤、加藤の代理は大野、大野の代理は中村、中村の代理は林。本日の不在者は林、山田、石田、森、上田。問い合わせ先の案件は水面です。代理への振替は一回だけ行い、その先の不在は判定しません。,一回だけの代理振替を適用した後の宛先を答えてください。,"{""上田"": ""上田さん"", ""中村"": ""中村さん"", ""加藤"": ""加藤さん"", ""大野"": ""大野さん"", ""山田"": ""山田さん"", ""林"": ""林さん"", ""森"": ""森さん"", ""石田"": ""石田さん""}"
manual_v2_score_043,manual,score,scope,2,1,0.9047454262659358,0.7190902190575142,2.681024642392549,0.9232901893438124,赤い箱には小石1個、青い箱には小石2個、黄色い箱には小石3個。色は分類用の目印。,青い箱だけの個数を評価する。,"[""0個"", ""1個"", ""2個"", ""3個以上""]"
v2-gen-choice-10-029,generated,choice,不在時の代理,高橋,青木,0.8994571336714603,0.6422063737209049,2.7763721026691592,,担当者: 灯台は高橋、草原は青木、水面は林。代理者: 高橋の代理は青木、青木の代理は林、林の代理は高橋。本日の不在者は林。問い合わせ先の案件は水面です。代理への振替は一回だけ行い、その先の不在は判定しません。,本日の規則に従う連絡相手を選んでください。,"{""林"": ""林さん"", ""青木"": ""青木さん"", ""高橋"": ""高橋さん""}"
v2-gen-noul-09-011,generated,noul,重複を除いた件数,true,false,0.8922249315809556,0.5068317997569749,2.2277089235169023,,星空棚で読み取った品名は冊子、テープ、用紙、冊子、箱、封筒、封筒、名札、箱でした。同じ品名の繰り返しは一種類として数えます。,異なる品名だけ数えると6種類以上ですか。,"{""false"": ""いいえ。質問の命題は成立しない。"", ""true"": ""はい。質問の命題が成立する。""}"
v2-gen-score-06-032,generated,score,約束時刻からの遅れ,1,0,0.8889087717722746,0.6488526176616993,2.306769266712797,0.8774000003185417,"{""便"": ""夕凪"", ""約束時刻"": 10, ""実際の到着時刻"": 12, ""同日"": true, ""早着時の遅れ"": 0}",約束時刻と到着時刻の差から、遅延段階を選んでください。,"[""遅れが2時間未満"", ""遅れが2時間以上、4時間未満"", ""遅れが4時間以上""]"
v2-gen-score-06-018,generated,score,約束時刻からの遅れ,2,1,0.8779162465609172,0.647527809007374,2.1328395133154237,0.8850830886314585,"{""便"": ""水面"", ""約束時刻"": 8, ""実際の到着時刻"": 11, ""同日"": true, ""早着時の遅れ"": 0}",到着の遅れを段階基準で評価してください。,"[""遅れが1時間未満"", ""遅れが1時間以上、2時間未満"", ""遅れが2時間以上""]"
v2-gen-score-13-012,generated,score,取消しを反映した件数,2,3,0.8752841193207876,0.6495045989412974,2.525705625610722,0.8159114441526714,星空の申込み記録: 渡辺は受付済み・取消済み、木村は受付済み・取消済み、遠藤は受付済み・取消済み、上田は受付済み・取消済み、山田は受付済み・取消済み、中村は受付済み・取消済み、松本は受付済み・取消なし、大野は受付済み・取消なし。取消済みの申込みは有効件数から除きます。3件以上は最終段階3にまとめます。,受付済みから取消済みを除いた件数はいくつの段階ですか。,"[""有効申込みが0件"", ""有効申込みが1件"", ""有効申込みが2件"", ""有効申込みが3件以上""]"
v2-gen-choice-12-016,generated,choice,条件付き不足書類,本人確認票,承認書,0.87449864762201,0.6632089999008742,3.022589922057739,,書類確認の優先順は承認書→委任状→本人確認票→見積書。承認書だけは代理申請の場合に限って必要で、それ以外は常に必要です。今回は本人申請。提出済みは委任状です。,必要な不足書類を先頭から一つだけ案内します。どれですか。必要書類に不足がなければ追加不要です。,"{""委任状"": ""委任状"", ""承認書"": ""承認書"", ""本人確認票"": ""本人確認票"", ""見積書"": ""見積書"", ""追加不要"": ""必要書類はすべて提出済み""}"
v2-gen-noul-09-047,generated,noul,重複を除いた件数,true,false,0.8647478951241382,0.4283318566203266,2.0006147985236935,,"{""棚"": ""夕凪"", ""読み取り品名"": [""箱"", ""クリップ"", ""ノート"", ""ノート"", ""シール""], ""数え方"": ""同一品名の重複を除く""}",品物の種類は4種類以上ありますか。,"{""false"": ""いいえ。質問の命題は成立しない。"", ""true"": ""はい。質問の命題が成立する。""}"
v2-gen-choice-03-050,generated,choice,最終更新,承認,保留,0.8642561545838057,0.5866139211248362,3.9051842080016717,,案件「灯台」の記録です。9時の更新: 保留。 20時の更新: 承認。 10時の更新: 保留。,時刻が最も新しい更新に基づく状態を答えてください。,"{""保留"": ""保留"", ""承認"": ""承認"", ""未着手"": ""未着手""}"
v2-gen-score-07-019,generated,score,証拠の最高到達段階,1,0,0.8589959091680335,0.6254372804127603,2.314602220152112,0.7880650630678113,この調査固有の証拠段階表: 一次資料は段階1、写真記録は段階2、口頭メモは段階3。朝露で得られた証拠は一次資料。複数ある場合は最大の段階を使い、なければ0です。,明示された段階表だけで証拠を評価してください。,"[""証拠なしの段階0"", ""表に基づく最高証拠段階1"", ""表に基づく最高証拠段階2"", ""表に基づく最高証拠段階3""]"
v2-gen-noul-10-011,generated,noul,条件付き義務,false,true,0.857604329133975,0.40952136486457913,1.9491456816881225,,"{""規則"": ""追加申請なら確認票の添付が必要。それ以外では義務なし"", ""条件に該当"": true, ""必要処置を実施"": false}",この案件は記載された義務のルールに違反していませんか。違反がなければはいです。,"{""false"": ""いいえ。質問の命題は成立しない。"", ""true"": ""はい。質問の命題が成立する。""}"
v2-gen-noul-10-023,generated,noul,条件付き義務,false,true,0.8398059566383027,0.3652264340674616,1.8313694275504178,,"{""規則"": ""追加申請なら控えの交付が必要。それ以外では義務なし"", ""条件に該当"": true, ""必要処置を実施"": false}",この案件は記載された義務のルールに違反していませんか。違反がなければはいです。,"{""false"": ""いいえ。質問の命題は成立しない。"", ""true"": ""はい。質問の命題が成立する。""}"
v2-gen-score-07-004,generated,score,証拠の最高到達段階,1,0,0.8286800791880842,0.4911462188868859,2.08827092034325,0.7812613441053116,この調査固有の証拠段階表: 写真記録は段階1、立会記録は段階2。青空で得られた証拠は写真記録。複数ある場合は最大の段階を使い、なければ0です。,この調査の証拠段階を選んでください。,"[""証拠なしの段階0"", ""表に基づく最高証拠段階1"", ""表に基づく最高証拠段階2""]"
v2-gen-choice-11-034,generated,choice,小数量の比較,カード,付箋,0.8181542989062298,0.5606967760656312,2.536700879309719,,入出庫記録: 箱は在庫11個、そのうち予約0個、付箋は在庫1個、そのうち予約0個、カードは在庫5個、そのうち予約5個、袋は在庫8個、そのうち予約2個、ファイルは在庫14個、そのうち予約4個。予約分は自由在庫に含めません。,予約分を差し引いた残りが一番少ないのはどれですか。,"{""カード"": ""カード"", ""ファイル"": ""ファイル"", ""付箋"": ""付箋"", ""箱"": ""箱"", ""袋"": ""袋""}"
v2-gen-noul-10-031,generated,noul,条件付き義務,false,true,0.8165929670102107,0.3125260900706942,1.696047372077205,,"{""規則"": ""新規申請なら担当者の署名が必要。それ以外では義務なし"", ""条件に該当"": true, ""必要処置を実施"": false}",この案件は記載された義務のルールに違反していませんか。違反がなければはいです。,"{""false"": ""いいえ。質問の命題は成立しない。"", ""true"": ""はい。質問の命題が成立する。""}"
v2-gen-noul-10-039,generated,noul,条件付き義務,false,true,0.814770971326526,0.30861642417239143,1.6861622267554728,,"{""規則"": ""法人向けなら依頼者への通知が必要。それ以外では義務なし"", ""条件に該当"": true, ""必要処置を実施"": false}",この案件は記載された義務のルールに違反していませんか。違反がなければはいです。,"{""false"": ""いいえ。質問の命題は成立しない。"", ""true"": ""はい。質問の命題が成立する。""}"
v2-gen-noul-10-007,generated,noul,条件付き義務,false,true,0.8105782581502604,0.2997397798546696,1.663779311525166,,"{""規則"": ""個人向けなら事前連絡が必要。それ以外では義務なし"", ""条件に該当"": true, ""必要処置を実施"": false}",この案件は記載された義務のルールに違反していませんか。違反がなければはいです。,"{""false"": ""いいえ。質問の命題は成立しない。"", ""true"": ""はい。質問の命題が成立する。""}"
v2-gen-score-08-016,generated,score,要件への一致数,3,2,0.808677557104418,0.6735613570404086,1.964820435714613,0.791355604938059,"{""注文要件"": {""サイズ"": ""小"", ""配送"": ""宅配"", ""色"": ""赤"", ""包装"": ""袋"", ""素材"": ""紙"", ""印字"": ""なし"", ""形"": ""四角""}, ""提案品"": {""サイズ"": ""中"", ""配送"": ""店頭"", ""色"": ""青"", ""包装"": ""袋"", ""素材"": ""紙"", ""印字"": ""なし"", ""形"": ""三角""}}",提案品が満たす要件数はいくつの段階ですか。,"[""一致した要件が0項目"", ""一致した要件が1項目"", ""一致した要件が2項目"", ""一致した要件が3項目"", ""一致した要件が4項目"", ""一致した要件が5項目"", ""一致した要件が6項目"", ""一致した要件が7項目""]"
v2-gen-noul-10-006,generated,noul,条件付き義務,true,false,0.8008662195809868,0.27980773077903753,1.613778416713343,,"{""規則"": ""代理申請なら記録票の保存が必要。それ以外では義務なし"", ""条件に該当"": false, ""必要処置を実施"": true}",この案件は記載された義務のルールに違反していませんか。違反がなければはいです。,"{""false"": ""いいえ。質問の命題は成立しない。"", ""true"": ""はい。質問の命題が成立する。""}"
v2-gen-noul-10-034,generated,noul,条件付き義務,true,false,0.7870227346361389,0.25286473573308044,1.5465698543502724,,"{""規則"": ""法人向けなら上長の承認が必要。それ以外では義務なし"", ""条件に該当"": true, ""必要処置を実施"": true}",この案件は記載された義務のルールに違反していませんか。違反がなければはいです。,"{""false"": ""いいえ。質問の命題は成立しない。"", ""true"": ""はい。質問の命題が成立する。""}"
v2-gen-score-11-010,generated,score,時刻順の評価更新,0,1,0.7804550132992031,0.24066420868929939,1.5161981166655598,0.7804550132992031,"{""案件"": ""木漏れ日"", ""評価更新"": [{""時刻"": 15, ""段階"": 0}, {""時刻"": 10, ""段階"": 0}, {""時刻"": 14, ""段階"": 0}, {""時刻"": 21, ""段階"": 0}, {""時刻"": 7, ""段階"": 0}, {""時刻"": 11, ""段階"": 1}], ""採用規則"": ""最新時刻だけを採用""}",最後に更新された有効な段階はいくつですか。,"[""評価段階0"", ""評価段階1""]"
v2-gen-noul-14-026,generated,noul,予定時間の重なり,true,false,0.7753971368324564,0.23151642355567015,1.4934214889071167,,"{""対象者"": ""森"", ""会議"": [13, 16], ""面談"": [13, 17], ""規則"": ""終了時刻と開始時刻が一致するだけなら重複なし""}",指定された端点の扱いで予定の重複はありますか。,"{""false"": ""いいえ。質問の命題は成立しない。"", ""true"": ""はい。質問の命題が成立する。""}"
v2-gen-score-13-001,generated,score,取消しを反映した件数,0,6,0.7734843495089992,0.5212517260012093,3.0688278054190468,5.241034250727813,朝露の申込み記録: 大野は未受付・取消なし、林は未受付・取消なし、松本は未受付・取消なし、加藤は未受付・取消なし、石田は未受付・取消なし、木村は未受付・取消なし、渡辺は未受付・取消なし。取消済みの申込みは有効件数から除きます。6件以上は最終段階6にまとめます。,現在有効な申込みだけを数えて評価してください。,"[""有効申込みが0件"", ""有効申込みが1件"", ""有効申込みが2件"", ""有効申込みが3件"", ""有効申込みが4件"", ""有効申込みが5件"", ""有効申込みが6件以上""]"
v2-gen-noul-10-010,generated,noul,条件付き義務,true,false,0.7709651209080544,0.2236749166089339,1.4738809765807783,,"{""規則"": ""法人向けなら依頼者への通知が必要。それ以外では義務なし"", ""条件に該当"": false, ""必要処置を実施"": false}",この案件は記載された義務のルールに違反していませんか。違反がなければはいです。,"{""false"": ""いいえ。質問の命題は成立しない。"", ""true"": ""はい。質問の命題が成立する。""}"
v2-gen-noul-10-022,generated,noul,条件付き義務,true,false,0.7694699285118909,0.2210658066328598,1.4673739630674012,,"{""規則"": ""代理申請なら担当者の署名が必要。それ以外では義務なし"", ""条件に該当"": false, ""必要処置を実施"": false}",この案件は記載された義務のルールに違反していませんか。違反がなければはいです。,"{""false"": ""いいえ。質問の命題は成立しない。"", ""true"": ""はい。質問の命題が成立する。""}"
v2-gen-choice-10-009,generated,choice,不在時の代理,高橋,青木,0.7691172842860233,0.4388207428511687,2.130811904393089,,担当者: 木漏れ日は高橋、山道は木村、白波は石田、朝露は青木。代理者: 高橋の代理は木村、木村の代理は石田、石田の代理は青木、青木の代理は高橋。本日の不在者は青木。問い合わせ先の案件は朝露です。代理への振替は一回だけ行い、その先の不在は判定しません。,一回だけの代理振替を適用した後の宛先を答えてください。,"{""木村"": ""木村さん"", ""石田"": ""石田さん"", ""青木"": ""青木さん"", ""高橋"": ""高橋さん""}"
v2-gen-noul-10-042,generated,noul,条件付き義務,true,false,0.7674348555873843,0.21754380512773186,1.4585849021788968,,規則: 社外向けのときだけ受付印の押印が必須です。それ以外の場合にはこの義務はなく、実施していても構いません。今回の案件は社外向けに非該当で、受付印の押印は実施済みです。,この案件は記載された義務のルールに違反していませんか。違反がなければはいです。,"{""false"": ""いいえ。質問の命題は成立しない。"", ""true"": ""はい。質問の命題が成立する。""}"
v2-gen-noul-11-036,generated,noul,参照関係の真偽,false,true,0.7659266559816905,0.21495524754513917,1.4521207767595476,,"{""案件担当"": {""若葉"": ""松本"", ""春風"": ""上田""}, ""資料関連先"": {""箱"": ""若葉"", ""カード"": ""春風""}}",カードの関連先を担当表で引くと松本さんになりますか。,"{""false"": ""いいえ。質問の命題は成立しない。"", ""true"": ""はい。質問の命題が成立する。""}"
v2-gen-score-08-021,generated,score,要件への一致数,4,3,0.761689498847911,0.6111104570262995,1.6325552506899275,0.8513230407724848,注文要件: 包装=なし、配送=宅配、サイズ=中、素材=布、形=四角。提案品: 包装=なし、配送=宅配、サイズ=大、素材=布、形=四角。,注文要件と一致している属性の数を段階として選んでください。,"[""一致した要件が0項目"", ""一致した要件が1項目"", ""一致した要件が2項目"", ""一致した要件が3項目"", ""一致した要件が4項目"", ""一致した要件が5項目""]"
v2-gen-noul-06-038,generated,noul,更新後の状態,true,false,0.7614415649463494,0.20736522239846344,1.433140987956832,,"{""対象"": ""木漏れ日"", ""更新記録"": [{""時刻"": 9, ""状態"": ""空席あり""}, {""時刻"": 14, ""状態"": ""満席""}, {""時刻"": 17, ""状態"": ""停止中""}, {""時刻"": 10, ""状態"": ""空席あり""}], ""規則"": ""最新時刻の記録が有効""}",現在の状態は「停止中」ですか。,"{""false"": ""いいえ。質問の命題は成立しない。"", ""true"": ""はい。質問の命題が成立する。""}"
v2-gen-noul-10-030,generated,noul,条件付き義務,true,false,0.7549124536758403,0.19660118159062057,1.406139800329916,,"{""規則"": ""法人向けなら確認票の添付が必要。それ以外では義務なし"", ""条件に該当"": false, ""必要処置を実施"": false}",この案件は記載された義務のルールに違反していませんか。違反がなければはいです。,"{""false"": ""いいえ。質問の命題は成立しない。"", ""true"": ""はい。質問の命題が成立する。""}"
v2-gen-score-06-048,generated,score,約束時刻からの遅れ,2,1,0.7546880135883282,0.5556624579550288,1.5978517100815939,0.7646490831189992,"{""便"": ""星空"", ""約束時刻"": 8, ""実際の到着時刻"": 10, ""同日"": true, ""早着時の遅れ"": 0}",遅れの時間に対応する段階を答えてください。,"[""遅れが1時間未満"", ""遅れが1時間以上、2時間未満"", ""遅れが2時間以上、3時間未満"", ""遅れが3時間以上、4時間未満"", ""遅れが4時間以上""]"
v2-gen-score-08-014,generated,score,要件への一致数,3,2,0.750293878366503,0.5664119311846201,1.7312806191475032,0.8379489081889697,注文要件: 配送=宅配、素材=布、色=白、サイズ=中、包装=袋。提案品: 配送=店頭、素材=紙、色=白、サイズ=中、包装=袋。,各属性の完全一致を一点として採点してください。,"[""一致した要件が0項目"", ""一致した要件が1項目"", ""一致した要件が2項目"", ""一致した要件が3項目"", ""一致した要件が4項目"", ""一致した要件が5項目""]"
v2-gen-score-11-038,generated,score,時刻順の評価更新,0,1,0.7465296611472839,0.18326770945721937,1.3725084692948548,0.7465296611472839,夕凪の評価更新履歴: 15時に段階0、7時に段階0、14時に段階1。評価は最新時刻の値だけを採用します。,最後に更新された有効な段階はいくつですか。,"[""評価段階0"", ""評価段階1""]"
v2-gen-choice-11-021,generated,choice,小数量の比較,名札,ラベル,0.7448132082547974,0.45481286436039925,1.3923530766296404,,入出庫記録: ラベルは在庫7個、そのうち予約3個、名札は在庫8個、そのうち予約2個、ペンは在庫3個、そのうち予約0個。予約分は自由在庫に含めません。,予約分を差し引いた残りが一番多いのはどれですか。,"{""ペン"": ""ペン"", ""ラベル"": ""ラベル"", ""名札"": ""名札""}"
v2-gen-score-09-018,generated,score,例外による上限,2,1,0.7407395635279358,0.3594046193196775,1.579237082234098,0.846995836021825,検査合格状況: 記録は合格、表示は合格。合格項目一つにつき1点ですが、要再確認の印があれば上限1点に制限します。今回その印はありません。,単純な合格数ではなく、上限ルール適用後の点数を求めてください。,"[""最終点0点"", ""最終点1点"", ""最終点2点""]"
v2-gen-noul-14-034,generated,noul,予定時間の重なり,true,false,0.739999160756821,0.17325236108061215,1.3470704201134387,,"{""対象者"": ""吉田"", ""会議"": [12, 14], ""面談"": [12, 14], ""規則"": ""終了時刻と開始時刻が一致するだけなら重複なし""}",指定された端点の扱いで予定の重複はありますか。,"{""false"": ""いいえ。質問の命題は成立しない。"", ""true"": ""はい。質問の命題が成立する。""}"
v2-gen-noul-11-044,generated,noul,参照関係の真偽,false,true,0.7345736156857563,0.16517504529607685,1.326417748633188,,担当表: 山道は渡辺、朝露は上田。資料の関連先: 付箋は朝露、ラベルは山道。,上田さんはラベルが属する案件の担当者と言えますか。,"{""false"": ""いいえ。質問の命題は成立しない。"", ""true"": ""はい。質問の命題が成立する。""}"
v2-gen-score-11-004,generated,score,時刻順の評価更新,2,0,0.7284945168496827,0.3846503169091159,1.414844368381666,1.4855310935524568,山道の評価更新履歴: 15時に段階2、7時に段階0、13時に段階2、21時に段階2、20時に段階0。評価は最新時刻の値だけを採用します。,現在採用すべき評価段階を選んでください。,"[""評価段階0"", ""評価段階1"", ""評価段階2""]"
v2-gen-noul-10-041,generated,noul,条件付き義務,false,true,0.7251641087928621,0.15168143340741347,1.2915811186940076,,規則: 追加申請のときだけ受付印の押印が必須です。それ以外の場合にはこの義務はなく、実施していても構いません。今回の案件は追加申請に該当で、受付印の押印は未実施です。,この案件は記載された義務のルールに違反していませんか。違反がなければはいです。,"{""false"": ""いいえ。質問の命題は成立しない。"", ""true"": ""はい。質問の命題が成立する。""}"
v2-gen-score-06-008,generated,score,約束時刻からの遅れ,1,0,0.7232068772007944,0.6839775576250418,1.298782934226376,0.7165439875930822,木漏れ日便は5時到着の約束でした。実際の到着は同じ日の7時です。早着した場合の遅れは0時間とします。,到着の遅れを段階基準で評価してください。,"[""遅れが2時間未満"", ""遅れが2時間以上、4時間未満"", ""遅れが4時間以上、6時間未満"", ""遅れが6時間以上、8時間未満"", ""遅れが8時間以上、10時間未満"", ""遅れが10時間以上、12時間未満"", ""遅れが12時間以上""]"
v2-gen-score-08-044,generated,score,要件への一致数,7,6,0.7224289610286206,0.6901199956138679,1.3140791265118612,0.7571377869633542,"{""注文要件"": {""包装"": ""なし"", ""サイズ"": ""大"", ""形"": ""四角"", ""配送"": ""宅配"", ""印字"": ""片面のみ"", ""色"": ""白"", ""素材"": ""布""}, ""提案品"": {""包装"": ""なし"", ""サイズ"": ""大"", ""形"": ""四角"", ""配送"": ""宅配"", ""印字"": ""片面のみ"", ""色"": ""白"", ""素材"": ""布""}}",注文要件と一致している属性の数を段階として選んでください。,"[""一致した要件が0項目"", ""一致した要件が1項目"", ""一致した要件が2項目"", ""一致した要件が3項目"", ""一致した要件が4項目"", ""一致した要件が5項目"", ""一致した要件が6項目"", ""一致した要件が7項目""]"
v2-gen-score-06-041,generated,score,約束時刻からの遅れ,1,0,0.7193942811304831,0.6109351360529296,1.2907790763617333,0.7105484152043127,"{""便"": ""木漏れ日"", ""約束時刻"": 7, ""実際の到着時刻"": 8, ""同日"": true, ""早着時の遅れ"": 0}",到着の遅れを段階基準で評価してください。,"[""遅れが1時間未満"", ""遅れが1時間以上、2時間未満"", ""遅れが2時間以上、3時間未満"", ""遅れが3時間以上、4時間未満"", ""遅れが4時間以上""]"
v2-gen-noul-09-009,generated,noul,重複を除いた件数,true,false,0.7171665263786983,0.14071705135480483,1.262896986966772,,"{""棚"": ""水面"", ""読み取り品名"": [""ノート"", ""シール"", ""冊子"", ""ノート"", ""袋"", ""付箋"", ""冊子"", ""用紙""], ""数え方"": ""同一品名の重複を除く""}",品物の種類は6種類以上ありますか。,"{""false"": ""いいえ。質問の命題は成立しない。"", ""true"": ""はい。質問の命題が成立する。""}"
v2-gen-noul-10-018,generated,noul,条件付き義務,true,false,0.7147166007696101,0.13744968882580588,1.254272209520495,,"{""規則"": ""法人向けなら控えの交付が必要。それ以外では義務なし"", ""条件に該当"": true, ""必要処置を実施"": true}",この案件は記載された義務のルールに違反していませんか。違反がなければはいです。,"{""false"": ""いいえ。質問の命題は成立しない。"", ""true"": ""はい。質問の命題が成立する。""}"
v2-gen-score-06-029,generated,score,約束時刻からの遅れ,4,3,0.7023434335917842,0.49024961659284494,2.48881890491814,1.1599185736753017,草原便は9時到着の約束でした。実際の到着は同じ日の13時です。早着した場合の遅れは0時間とします。,到着の遅れを段階基準で評価してください。,"[""遅れが1時間未満"", ""遅れが1時間以上、2時間未満"", ""遅れが2時間以上、3時間未満"", ""遅れが3時間以上、4時間未満"", ""遅れが4時間以上、5時間未満"", ""遅れが5時間以上、6時間未満"", ""遅れが6時間以上""]"
v2-gen-score-06-019,generated,score,約束時刻からの遅れ,2,1,0.6963763492659282,0.5081031074441441,1.2415643656260695,0.695694238007331,"{""便"": ""朝露"", ""約束時刻"": 12, ""実際の到着時刻"": 14, ""同日"": true, ""早着時の遅れ"": 0}",約束時刻と到着時刻の差から、遅延段階を選んでください。,"[""遅れが1時間未満"", ""遅れが1時間以上、2時間未満"", ""遅れが2時間以上、3時間未満"", ""遅れが3時間以上""]"
v2-gen-score-13-038,generated,score,取消しを反映した件数,0,1,0.6939166152556462,0.11139945343629454,1.1838977149863552,0.6939166152556462,草原の申込み記録: 木村は未受付・取消なし、遠藤は未受付・取消なし、渡辺は受付済み・取消済み、石田は受付済み・取消済み、中村は未受付・取消なし。取消済みの申込みは有効件数から除きます。1件以上は最終段階1にまとめます。,現在有効な申込みだけを数えて評価してください。,"[""有効申込みが0件"", ""有効申込みが1件以上""]"
v2-gen-noul-10-012,generated,noul,条件付き義務,true,false,0.692664978575423,0.1099267902870964,1.1798168514040401,,"{""規則"": ""追加申請なら依頼者への通知が必要。それ以外では義務なし"", ""条件に該当"": false, ""必要処置を実施"": true}",この案件は記載された義務のルールに違反していませんか。違反がなければはいです。,"{""false"": ""いいえ。質問の命題は成立しない。"", ""true"": ""はい。質問の命題が成立する。""}"
manual_v2_choice_025,manual,choice,arithmetic,option_3,option_1,0.6907474631118862,0.4066352151448295,2.3143325199221967,,音の練習は1区間が3分。4区間の間に1分の休憩を3回挟み、最後の区間の後には休憩を置かない。,開始から終了までの時間を選ぶ。,"{""option_0"": ""12分"", ""option_1"": ""13分"", ""option_2"": ""14分"", ""option_3"": ""15分"", ""option_4"": ""16分""}"
v2-gen-noul-06-028,generated,noul,更新後の状態,true,false,0.6885854015336252,0.10520037355031542,1.1666301405706896,,青空の状態記録: 18時には空席あり、14時には満席、12時には空席あり、15時には満席。時刻が新しい記録が古い記録を上書きします。,現在の状態は「空席あり」ですか。,"{""false"": ""いいえ。質問の命題は成立しない。"", ""true"": ""はい。質問の命題が成立する。""}"
v2-gen-score-07-046,generated,score,証拠の最高到達段階,1,0,0.6801847942336184,0.3278861639961079,1.2579652651225637,0.644601363290854,この調査固有の証拠段階表: 担当者報告は段階1、立会記録は段階2。木漏れ日で得られた証拠は担当者報告。複数ある場合は最大の段階を使い、なければ0です。,この調査の証拠段階を選んでください。,"[""証拠なしの段階0"", ""表に基づく最高証拠段階1"", ""表に基づく最高証拠段階2""]"
v2-gen-score-06-028,generated,score,約束時刻からの遅れ,3,1,0.6770597840380288,0.4273870824878404,2.7980217407416514,1.6798121745309529,"{""便"": ""夕凪"", ""約束時刻"": 11, ""実際の到着時刻"": 17, ""同日"": true, ""早着時の遅れ"": 0}",遅れの時間に対応する段階を答えてください。,"[""遅れが2時間未満"", ""遅れが2時間以上、4時間未満"", ""遅れが4時間以上、6時間未満"", ""遅れが6時間以上、8時間未満"", ""遅れが8時間以上、10時間未満"", ""遅れが10時間以上""]"
v2-gen-score-15-009,generated,score,軽重のある項目,3,2,0.6760855586643287,0.4819055530283116,3.6453403476118806,0.12940591762773312,この点検の配点: 誤字は2点、署名欠落は1点、添付欠落は1点、日付欠落は1点、宛名不備は1点、頁番号欠落は1点、余白不備は1点。見つかった不備: 誤字、宛名不備。該当項目の点を合計し、7点以上は段階7にまとめます。,項目数ではなく指定された点数で評価してください。,"[""不備点の合計が0点"", ""不備点の合計が1点"", ""不備点の合計が2点"", ""不備点の合計が3点"", ""不備点の合計が4点"", ""不備点の合計が5点"", ""不備点の合計が6点"", ""不備点の合計が7点以上""]"
v2-gen-noul-14-048,generated,noul,予定時間の重なり,true,false,0.6748326113292488,0.09008746697948578,1.1234151871771891,,"{""対象者"": ""加藤"", ""会議"": [11, 13], ""面談"": [11, 13], ""規則"": ""終了時刻と開始時刻が一致するだけなら重複なし""}",指定された端点の扱いで予定の重複はありますか。,"{""false"": ""いいえ。質問の命題は成立しない。"", ""true"": ""はい。質問の命題が成立する。""}"
v2-gen-noul-10-005,generated,noul,条件付き義務,false,true,0.6635462839518024,0.07861534049986751,1.089294684533793,,"{""規則"": ""夜間受付なら上長の承認が必要。それ以外では義務なし"", ""条件に該当"": true, ""必要処置を実施"": false}",この案件は記載された義務のルールに違反していませんか。違反がなければはいです。,"{""false"": ""いいえ。質問の命題は成立しない。"", ""true"": ""はい。質問の命題が成立する。""}"
v2-gen-noul-10-033,generated,noul,条件付き義務,false,true,0.6607542448569628,0.07590488489530878,1.0810304928199068,,規則: 新規申請のときだけ控えの交付が必須です。それ以外の場合にはこの義務はなく、実施していても構いません。今回の案件は新規申請に該当で、控えの交付は未実施です。,この案件は記載された義務のルールに違反していませんか。違反がなければはいです。,"{""false"": ""いいえ。質問の命題は成立しない。"", ""true"": ""はい。質問の命題が成立する。""}"
v2-gen-score-10-049,generated,score,不足の段階,4,3,0.6504525115953245,0.4726700396839073,2.36570180151398,1.1681611845694388,灯台申請で必要なものは受領票、添付図、確認票、同意書、見積書。届いたものは見積書、案内状です。必要一覧にない書類は不足を埋めません。,必要一覧と届いた一覧を照合し、不足の程度を判定してください。,"[""不足が0種類"", ""不足が1種類"", ""不足が2種類"", ""不足が3種類"", ""不足が4種類"", ""不足が5種類""]"
v2-gen-score-13-023,generated,score,取消しを反映した件数,7,6,0.6479340515168037,0.5107322571221357,1.9197837544885727,1.1382760077493117,"{""催し"": ""春風"", ""申込み"": [{""氏名"": ""加藤"", ""受付済み"": true, ""取消済み"": false}, {""氏名"": ""中村"", ""受付済み"": true, ""取消済み"": false}, {""氏名"": ""高橋"", ""受付済み"": true, ""取消済み"": false}, {""氏名"": ""上田"", ""受付済み"": true, ""取消済み"": false}, {""氏名"": ""森"", ""受付済み"": true, ""取消済み"": false}, {""氏名"": ""渡辺"", ""受付済み"": true, ""取消済み"": false}, {""氏名"": ""吉田"", ""受付済み"": true, ""取消済み"": true}, {""氏名"": ""佐藤"", ""受付済み"": true, ""取消済み"": false}], ""まとめ方"": ""7件以上は段階7""}",取消し後に残る有効申込み数を段階として選んでください。,"[""有効申込みが0件"", ""有効申込みが1件"", ""有効申込みが2件"", ""有効申込みが3件"", ""有効申込みが4件"", ""有効申込みが5件"", ""有効申込みが6件"", ""有効申込みが7件以上""]"
v2-gen-score-04-002,generated,score,独立チェックの合計,3,2,0.6391381988740906,0.5573527158710618,1.1131775835073705,0.6377476482985229,山道資料の点検: 承認印ありは満たす、ページ番号ありは満たす、管理番号ありは満たさない、連絡先ありは満たす、日付ありは満たさない。各項目は一つずつ数えます。,条件を満たした項目を一つ一点として集計してください。,"[""満たした項目が0個"", ""満たした項目が1個"", ""満たした項目が2個"", ""満たした項目が3個"", ""満たした項目が4個"", ""満たした項目が5個""]"
v2-gen-score-08-022,generated,score,要件への一致数,3,2,0.6342057924702558,0.5585043676127682,1.149579641366497,0.6213261813301476,"{""注文要件"": {""サイズ"": ""大"", ""印字"": ""なし"", ""素材"": ""布"", ""包装"": ""なし"", ""配送"": ""宅配"", ""形"": ""三角""}, ""提案品"": {""サイズ"": ""小"", ""印字"": ""あり"", ""素材"": ""布"", ""包装"": ""箱"", ""配送"": ""宅配"", ""形"": ""三角""}}",提案品が満たす要件数はいくつの段階ですか。,"[""一致した要件が0項目"", ""一致した要件が1項目"", ""一致した要件が2項目"", ""一致した要件が3項目"", ""一致した要件が4項目"", ""一致した要件が5項目"", ""一致した要件が6項目""]"
v2-gen-score-09-047,generated,score,例外による上限,3,1,0.6309879618268092,0.3086063476187423,3.698556897163705,1.810340255985075,"{""検査合格"": {""動作"": true, ""表示"": true, ""付属品"": true}, ""要再確認の印あり"": false, ""採点規則"": ""合格数が点数。ただし印があれば上限1点""}",上限制限を適用した最終点を選んでください。,"[""最終点0点"", ""最終点1点"", ""最終点2点"", ""最終点3点""]"
v2-gen-score-05-050,generated,score,緊急条件の加点,5,4,0.6276908383133905,0.5740106164985139,1.0429006804518464,0.701435002702663,"{""案件"": ""山道"", ""基本優先度"": 4, ""締切までの残り時間"": 5, ""規則"": ""残り6時間以内なら1加点、それより長ければ0加点。上限5""}",今回の最終優先段階を求めてください。,"[""最終優先度0"", ""最終優先度1"", ""最終優先度2"", ""最終優先度3"", ""最終優先度4"", ""最終優先度5""]"
v2-gen-noul-10-048,generated,noul,条件付き義務,true,false,0.6275842780523716,0.047491094824332225,0.9877445165658957,,"{""規則"": ""追加申請なら依頼者への通知が必要。それ以外では義務なし"", ""条件に該当"": true, ""必要処置を実施"": true}",この案件は記載された義務のルールに違反していませんか。違反がなければはいです。,"{""false"": ""いいえ。質問の命題は成立しない。"", ""true"": ""はい。質問の命題が成立する。""}"
v2-gen-score-15-023,generated,score,軽重のある項目,5,4,0.6137759044648333,0.4677228346789635,2.955957435403423,0.20391005617684144,この点検の配点: 余白不備は2点、日付欠落は1点、署名欠落は1点、頁番号欠落は1点、宛名不備は1点、誤字は1点、添付欠落は1点。見つかった不備: 余白不備、頁番号欠落、誤字、添付欠落。該当項目の点を合計し、7点以上は段階7にまとめます。,項目数ではなく指定された点数で評価してください。,"[""不備点の合計が0点"", ""不備点の合計が1点"", ""不備点の合計が2点"", ""不備点の合計が3点"", ""不備点の合計が4点"", ""不備点の合計が5点"", ""不備点の合計が6点"", ""不備点の合計が7点以上""]"
v2-gen-noul-09-049,generated,noul,重複を除いた件数,true,false,0.6058840093819321,0.0325955624895764,0.9311100205775078,,灯台棚で読み取った品名はカード、付箋、袋、ケース、冊子、袋でした。同じ品名の繰り返しは一種類として数えます。,品物の種類は5種類以上ありますか。,"{""false"": ""いいえ。質問の命題は成立しない。"", ""true"": ""はい。質問の命題が成立する。""}"
v2-gen-score-12-009,generated,score,目標からの差,6,5,0.6051010924322199,0.4365581333955192,1.493136555213777,0.9511115270294965,白波の目標数は11個、実績は5個です。多すぎても少なすぎても、目標から何個離れたかで評価します。差が7個以上なら最終段階7にまとめます。,目標からのずれの段階を選んでください。,"[""目標との差が0個"", ""目標との差が1個"", ""目標との差が2個"", ""目標との差が3個"", ""目標との差が4個"", ""目標との差が5個"", ""目標との差が6個"", ""目標との差が7個以上""]"
v2-gen-noul-11-029,generated,noul,参照関係の真偽,true,false,0.6042642451261949,0.031598548039551644,0.9270085761340406,,"{""案件担当"": {""青空"": ""石田"", ""夕凪"": ""佐藤"", ""星空"": ""青木"", ""山道"": ""高橋"", ""朝露"": ""吉田""}, ""資料関連先"": {""カード"": ""山道"", ""付箋"": ""星空"", ""冊子"": ""夕凪"", ""ノート"": ""青空"", ""シール"": ""朝露""}}",吉田さんはシールが属する案件の担当者と言えますか。,"{""false"": ""いいえ。質問の命題は成立しない。"", ""true"": ""はい。質問の命題が成立する。""}"
v2-gen-score-06-014,generated,score,約束時刻からの遅れ,1,0,0.602985340713821,0.6100422734806019,0.9339488099134999,0.5961168390385794,"{""便"": ""白波"", ""約束時刻"": 9, ""実際の到着時刻"": 10, ""同日"": true, ""早着時の遅れ"": 0}",遅れの時間に対応する段階を答えてください。,"[""遅れが1時間未満"", ""遅れが1時間以上、2時間未満"", ""遅れが2時間以上、3時間未満"", ""遅れが3時間以上、4時間未満"", ""遅れが4時間以上、5時間未満"", ""遅れが5時間以上""]"
v2-gen-choice-10-042,generated,choice,不在時の代理,佐藤,石田,0.6001458007518891,0.16854173399009365,2.157177417249727,,"{""案件担当"": {""水面"": ""佐藤"", ""星空"": ""加藤"", ""木漏れ日"": ""石田""}, ""代理者"": {""佐藤"": ""加藤"", ""加藤"": ""石田"", ""石田"": ""佐藤""}, ""不在者"": [""加藤"", ""石田""], ""案件"": ""木漏れ日"", ""ルール"": ""担当者が不在なら指定代理に一度だけ振替。代理の在席状況は問わない""}",一回だけの代理振替を適用した後の宛先を答えてください。,"{""佐藤"": ""佐藤さん"", ""加藤"": ""加藤さん"", ""石田"": ""石田さん""}"
v2-gen-score-12-012,generated,score,目標からの差,3,2,0.5956702139727796,0.2992345680629469,1.8007790865417204,1.0787315890450007,"{""案件"": ""星空"", ""目標数"": 11, ""実績数"": 8, ""採点"": ""差の絶対値。ただし3以上は段階3""}",示された上限を含め、実績のずれを段階に変換してください。,"[""目標との差が0個"", ""目標との差が1個"", ""目標との差が2個"", ""目標との差が3個以上""]"
v2-gen-choice-03-020,generated,choice,最終更新,未着手,発送済み,0.5937219794146101,0.025495258021433376,0.9007175739681174,,"{""案件"": ""若葉"", ""更新記録"": [{""時"": 17, ""状態"": ""発送済み""}, {""時"": 20, ""状態"": ""未着手""}, {""時"": 10, ""状態"": ""未着手""}]}",最後の時刻の記録が有効です。現在の状態はどれですか。,"{""未着手"": ""未着手"", ""発送済み"": ""発送済み""}"
v2-gen-choice-11-022,generated,choice,小数量の比較,付箋,テープ,0.5850176695747298,0.5322586677651122,1.0780201651968992,,入出庫記録: 冊子は在庫6個、そのうち予約1個、袋は在庫7個、そのうち予約1個、ペンは在庫6個、そのうち予約5個、ケースは在庫5個、そのうち予約3個、テープは在庫13個、そのうち予約3個、カードは在庫7個、そのうち予約4個、付箋は在庫11個、そのうち予約0個、ファイルは在庫3個、そのうち予約3個。予約分は自由在庫に含めません。,自由在庫が最も多い品を選んでください。,"{""カード"": ""カード"", ""ケース"": ""ケース"", ""テープ"": ""テープ"", ""ファイル"": ""ファイル"", ""ペン"": ""ペン"", ""付箋"": ""付箋"", ""冊子"": ""冊子"", ""袋"": ""袋""}"
v2-gen-choice-06-033,generated,choice,時間枠の包含,赤,白,0.5816622481735972,0.29468408837962456,2.5568529158526734,,部屋の連続利用可能時間: 白室は12時から16時まで、茶室は10時から13時まで、紫室は12時から16時まで、赤室は10時から15時まで、青室は12時から16時まで、緑室は10時から13時まで、黄室は12時から15時まで。会議は11時開始、14時終了です。,会議時間の一部だけでなく全体を含む空き時間を持つ部屋を答えてください。端の一致は可です。,"{""白"": ""白室"", ""紫"": ""紫室"", ""緑"": ""緑室"", ""茶"": ""茶室"", ""赤"": ""赤室"", ""青"": ""青室"", ""黄"": ""黄室""}"
v2-gen-score-09-049,generated,score,例外による上限,3,2,0.5813751825311951,0.44961903546881754,1.1004116623271132,0.535654201534161,検査合格状況: 外観は合格、寸法は合格、記録は合格、表示は不合格、動作は不合格。合格項目一つにつき1点ですが、要再確認の印があれば上限3点に制限します。今回その印はありません。,上限制限を適用した最終点を選んでください。,"[""最終点0点"", ""最終点1点"", ""最終点2点"", ""最終点3点"", ""最終点4点"", ""最終点5点""]"
v2-gen-score-10-015,generated,score,不足の段階,2,3,0.5810070585405475,0.4174833711700545,1.3493069576507775,0.7479954797167738,白波申請で必要なものは確認票、受領票、見積書、申込書、承認書、同意書。届いたものは確認票、申込書、同意書、受領票、案内状です。必要一覧にない書類は不足を埋めません。,必要書類の不足数に対応する段階を選んでください。,"[""不足が0種類"", ""不足が1種類"", ""不足が2種類"", ""不足が3種類"", ""不足が4種類"", ""不足が5種類"", ""不足が6種類""]"
v2-gen-choice-12-020,generated,choice,条件付き不足書類,承認書,追加不要,0.5789277064009285,0.2568573979830293,0.9690026813390249,,"{""確認優先順"": [""委任状"", ""承認書""], ""代理申請だけに必要"": ""委任状"", ""代理申請"": false, ""提出済み"": [""委任状""]}",必要な不足書類を先頭から一つだけ案内します。どれですか。必要書類に不足がなければ追加不要です。,"{""委任状"": ""委任状"", ""承認書"": ""承認書"", ""追加不要"": ""必要書類はすべて提出済み""}"
v2-gen-score-12-041,generated,score,目標からの差,3,4,0.5767644183419977,0.25888768050863686,2.55962070064144,0.03361437346727758,山道の目標数は9個、実績は12個です。多すぎても少なすぎても、目標から何個離れたかで評価します。差が4個以上なら最終段階4にまとめます。,不足・超過の向きではなく差の大きさで評価してください。,"[""目標との差が0個"", ""目標との差が1個"", ""目標との差が2個"", ""目標との差が3個"", ""目標との差が4個以上""]"
v2-gen-choice-06-037,generated,choice,時間枠の包含,黄,赤,0.574380196879418,0.273029209595006,2.768185836246851,,"{""空き時間"": [{""部屋"": ""赤"", ""開始"": 14, ""終了"": 18}, {""部屋"": ""青"", ""開始"": 14, ""終了"": 17}, {""部屋"": ""黒"", ""開始"": 11, ""終了"": 15}, {""部屋"": ""茶"", ""開始"": 14, ""終了"": 17}, {""部屋"": ""黄"", ""開始"": 12, ""終了"": 17}, {""部屋"": ""白"", ""開始"": 12, ""終了"": 15}], ""会議開始"": 13, ""会議終了"": 16}",会議開始から終了まで空いている部屋はどれですか。境界時刻が一致していても利用できます。,"{""白"": ""白室"", ""茶"": ""茶室"", ""赤"": ""赤室"", ""青"": ""青室"", ""黄"": ""黄室"", ""黒"": ""黒室""}"
v2-gen-score-06-020,generated,score,約束時刻からの遅れ,3,2,0.5708945384720575,0.37333622509913167,1.2021006935383143,0.7927642754065669,春風便は7時到着の約束でした。実際の到着は同じ日の10時です。早着した場合の遅れは0時間とします。,到着の遅れを段階基準で評価してください。,"[""遅れが1時間未満"", ""遅れが1時間以上、2時間未満"", ""遅れが2時間以上、3時間未満"", ""遅れが3時間以上、4時間未満"", ""遅れが4時間以上""]"
v2-gen-score-10-036,generated,score,不足の段階,5,4,0.5680485892527856,0.369900087413395,2.1746440595051246,1.3044336361212983,夕凪申請で必要なものは受領票、添付図、申込書、承認書、見積書、同意書。届いたものは申込書、参考資料です。必要一覧にない書類は不足を埋めません。,必要書類の不足数に対応する段階を選んでください。,"[""不足が0種類"", ""不足が1種類"", ""不足が2種類"", ""不足が3種類"", ""不足が4種類"", ""不足が5種類"", ""不足が6種類""]"
v2-gen-score-13-018,generated,score,取消しを反映した件数,0,2,0.5641151516257094,0.10173641682617873,1.5536476103994796,1.3526399654446066,夕凪の申込み記録: 松本は未受付・取消なし、高橋は未受付・取消なし、林は未受付・取消なし、渡辺は未受付・取消なし、森は未受付・取消なし。取消済みの申込みは有効件数から除きます。2件以上は最終段階2にまとめます。,現在有効な申込みだけを数えて評価してください。,"[""有効申込みが0件"", ""有効申込みが1件"", ""有効申込みが2件以上""]"
v2-gen-score-06-044,generated,score,約束時刻からの遅れ,1,0,0.5638835179181892,0.6539374738883126,0.8415499658742652,0.5535379711486182,朝露便は5時到着の約束でした。実際の到着は同じ日の7時です。早着した場合の遅れは0時間とします。,約束時刻と到着時刻の差から、遅延段階を選んでください。,"[""遅れが2時間未満"", ""遅れが2時間以上、4時間未満"", ""遅れが4時間以上、6時間未満"", ""遅れが6時間以上、8時間未満"", ""遅れが8時間以上、10時間未満"", ""遅れが10時間以上、12時間未満"", ""遅れが12時間以上、14時間未満"", ""遅れが14時間以上""]"
v2-gen-score-15-015,generated,score,軽重のある項目,2,4,0.5638557201598903,0.391838167619287,4.6916884136788335,1.9427574504455962,"{""不備ごとの配点"": {""署名欠落"": 2, ""日付欠落"": 1, ""誤字"": 1, ""余白不備"": 1, ""頁番号欠落"": 1, ""宛名不備"": 1}, ""不備あり"": {""署名欠落"": false, ""日付欠落"": false, ""誤字"": false, ""余白不備"": false, ""頁番号欠落"": true, ""宛名不備"": true}, ""上限"": 6}",見つかった不備の点数を合計し、上限を適用してください。,"[""不備点の合計が0点"", ""不備点の合計が1点"", ""不備点の合計が2点"", ""不備点の合計が3点"", ""不備点の合計が4点"", ""不備点の合計が5点"", ""不備点の合計が6点以上""]"
v2-gen-choice-10-002,generated,choice,不在時の代理,石田,松本,0.5505372677246418,0.25822204479826116,3.1987395591423273,,担当者: 水面は石田、青空は加藤、灯台は上田、春風は木村、木漏れ日は森、朝露は松本。代理者: 石田の代理は加藤、加藤の代理は上田、上田の代理は木村、木村の代理は森、森の代理は松本、松本の代理は石田。本日の不在者は石田、森、上田、松本。問い合わせ先の案件は朝露です。代理への振替は一回だけ行い、その先の不在は判定しません。,この案件を担当本人または指定代理に連絡します。宛先は誰ですか。,"{""上田"": ""上田さん"", ""加藤"": ""加藤さん"", ""木村"": ""木村さん"", ""松本"": ""松本さん"", ""森"": ""森さん"", ""石田"": ""石田さん""}"
v2-gen-score-05-020,generated,score,緊急条件の加点,3,2,0.5470769807178256,0.3386509155883244,0.9877707777230624,0.7121932651537888,"{""案件"": ""若葉"", ""基本優先度"": 2, ""締切までの残り時間"": 3, ""規則"": ""残り6時間以内なら1加点、それより長ければ0加点。上限3""}",締切までの時間による条件を反映した段階を答えてください。,"[""最終優先度0"", ""最終優先度1"", ""最終優先度2"", ""最終優先度3""]"
v2-gen-choice-10-018,generated,choice,不在時の代理,大野,松本,0.5464883743525641,0.36112382027606504,2.279296735172893,,"{""案件担当"": {""星空"": ""松本"", ""木漏れ日"": ""加藤"", ""朝露"": ""大野"", ""青空"": ""森"", ""若葉"": ""石田""}, ""代理者"": {""松本"": ""加藤"", ""加藤"": ""大野"", ""大野"": ""森"", ""森"": ""石田"", ""石田"": ""松本""}, ""不在者"": [""森"", ""加藤"", ""石田"", ""大野""], ""案件"": ""木漏れ日"", ""ルール"": ""担当者が不在なら指定代理に一度だけ振替。代理の在席状況は問わない""}",この案件を担当本人または指定代理に連絡します。宛先は誰ですか。,"{""加藤"": ""加藤さん"", ""大野"": ""大野さん"", ""松本"": ""松本さん"", ""森"": ""森さん"", ""石田"": ""石田さん""}"
v2-gen-noul-06-041,generated,noul,更新後の状態,false,true,0.5464828950313655,0.006243356967748914,0.7907222924565759,,"{""対象"": ""春風"", ""更新記録"": [{""時刻"": 11, ""状態"": ""点検中""}, {""時刻"": 17, ""状態"": ""空席あり""}, {""時刻"": 21, ""状態"": ""使用可能""}, {""時刻"": 7, ""状態"": ""使用可能""}, {""時刻"": 18, ""状態"": ""受付中""}], ""規則"": ""最新時刻の記録が有効""}",最新の有効な記録から「受付中」と言えますか。,"{""false"": ""いいえ。質問の命題は成立しない。"", ""true"": ""はい。質問の命題が成立する。""}"
v2-gen-score-09-039,generated,score,例外による上限,2,0,0.5461806697144875,0.19546416073219497,2.6604967611588406,1.4762671869003348,"{""検査合格"": {""動作"": true, ""表示"": true}, ""要再確認の印あり"": false, ""採点規則"": ""合格数が点数。ただし印があれば上限1点""}",上限制限を適用した最終点を選んでください。,"[""最終点0点"", ""最終点1点"", ""最終点2点""]"
v2-gen-score-10-016,generated,score,不足の段階,1,0,0.5447509561637882,0.5471346904407071,0.9202940623104217,0.42312568894900504,"{""申請"": ""木漏れ日"", ""必要書類"": [""申込書"", ""承認書"", ""確認票"", ""同意書"", ""受領票"", ""見積書"", ""添付図""], ""届いた書類"": [""受領票"", ""添付図"", ""確認票"", ""見積書"", ""承認書"", ""同意書""], ""余分な書類で代用できる"": false}",未提出の必要書類はいくつの段階ですか。,"[""不足が0種類"", ""不足が1種類"", ""不足が2種類"", ""不足が3種類"", ""不足が4種類"", ""不足が5種類"", ""不足が6種類"", ""不足が7種類""]"
v2-gen-score-12-039,generated,score,目標からの差,2,1,0.5444020436467655,0.25593329359781725,0.870737172609107,0.6183123094590877,水面の目標数は13個、実績は15個です。多すぎても少なすぎても、目標から何個離れたかで評価します。差が2個以上なら最終段階2にまとめます。,不足・超過の向きではなく差の大きさで評価してください。,"[""目標との差が0個"", ""目標との差が1個"", ""目標との差が2個以上""]"
v2-gen-noul-09-007,generated,noul,重複を除いた件数,true,false,0.5439207503754141,0.005573190899203051,0.7850886915316387,,水面棚で読み取った品名は付箋、封筒、カード、冊子、名札、封筒、ファイル、名札、カード、ノートでした。同じ品名の繰り返しは一種類として数えます。,品物の種類は6種類以上ありますか。,"{""false"": ""いいえ。質問の命題は成立しない。"", ""true"": ""はい。質問の命題が成立する。""}"
v2-gen-noul-09-005,generated,noul,重複を除いた件数,true,false,0.5426184441445868,0.005247190273755642,0.7822373220905848,,灯台棚で読み取った品名はシール、ノート、ラベル、シール、封筒、箱、シール、箱、袋、ファイル、箱でした。同じ品名の繰り返しは一種類として数えます。,品物の種類は6種類以上ありますか。,"{""false"": ""いいえ。質問の命題は成立しない。"", ""true"": ""はい。質問の命題が成立する。""}"
v2-gen-score-09-038,generated,score,例外による上限,0,1,0.5404314300003027,0.004721902507627718,0.7774671208992483,0.5404314300003027,"{""検査合格"": {""包装"": false}, ""要再確認の印あり"": false, ""採点規則"": ""合格数が点数。ただし印があれば上限0点""}",上限制限を適用した最終点を選んでください。,"[""最終点0点"", ""最終点1点""]"
v2-gen-score-06-026,generated,score,約束時刻からの遅れ,3,2,0.5404053082411517,0.2523640333027771,1.4072759607028773,0.9764309976848748,若葉便は12時到着の約束でした。実際の到着は同じ日の18時です。早着した場合の遅れは0時間とします。,遅れの時間に対応する段階を答えてください。,"[""遅れが2時間未満"", ""遅れが2時間以上、4時間未満"", ""遅れが4時間以上、6時間未満"", ""遅れが6時間以上""]"
manual_v2_noul_014,manual,noul,arithmetic,false,true,0.5374545356318913,0.004051541173438866,0.7710104255244655,,"{""鉢の数"": 4, ""各鉢にまきたい種の数"": 3, ""持っている種の数"": 11}",すべての鉢に指定通りまけるか。,"{""false"": ""いいえ"", ""true"": ""はい""}"
v2-gen-score-15-036,generated,score,軽重のある項目,5,6,0.5325919121595705,0.3996256707210639,2.7019153123686523,0.01333173685945166,この点検の配点: 宛名不備は2点、頁番号欠落は1点、署名欠落は1点、添付欠落は1点、日付欠落は1点、余白不備は1点。見つかった不備: 宛名不備、署名欠落、添付欠落、日付欠落。該当項目の点を合計し、6点以上は段階6にまとめます。,項目数ではなく指定された点数で評価してください。,"[""不備点の合計が0点"", ""不備点の合計が1点"", ""不備点の合計が2点"", ""不備点の合計が3点"", ""不備点の合計が4点"", ""不備点の合計が5点"", ""不備点の合計が6点以上""]"
v2-gen-score-04-048,generated,score,独立チェックの合計,1,2,0.5304039524733064,0.3359684086273633,0.7718508266383115,0.5229648088874392,夕凪資料の点検: 宛先ありは満たさない、添付ありは満たす。各項目は一つずつ数えます。,条件を満たした項目を一つ一点として集計してください。,"[""満たした項目が0個"", ""満たした項目が1個"", ""満たした項目が2個""]"
v2-gen-choice-06-003,generated,choice,時間枠の包含,青,白,0.5273681583258203,0.4721932119408385,1.8358279870967456,,"{""空き時間"": [{""部屋"": ""紫"", ""開始"": 14, ""終了"": 18}, {""部屋"": ""黄"", ""開始"": 12, ""終了"": 15}, {""部屋"": ""青"", ""開始"": 12, ""終了"": 16}, {""部屋"": ""黒"", ""開始"": 11, ""終了"": 15}, {""部屋"": ""茶"", ""開始"": 11, ""終了"": 15}, {""部屋"": ""緑"", ""開始"": 12, ""終了"": 15}, {""部屋"": ""赤"", ""開始"": 11, ""終了"": 15}, {""部屋"": ""白"", ""開始"": 14, ""終了"": 18}], ""会議開始"": 13, ""会議終了"": 16}",会議の全時間を連続して確保できる部屋を選んでください。開始・終了の一致は許可します。,"{""白"": ""白室"", ""紫"": ""紫室"", ""緑"": ""緑室"", ""茶"": ""茶室"", ""赤"": ""赤室"", ""青"": ""青室"", ""黄"": ""黄室"", ""黒"": ""黒室""}"
v2-gen-choice-11-014,generated,choice,小数量の比較,ファイル,ペン,0.5263148384301002,0.30277523904585846,1.91188083893753,,入出庫記録: ファイルは在庫4個、そのうち予約4個、ノートは在庫4個、そのうち予約2個、冊子は在庫8個、そのうち予約0個、ラベルは在庫5個、そのうち予約4個、ケースは在庫12個、そのうち予約3個、ペンは在庫11個、そのうち予約0個、袋は在庫12個、そのうち予約5個、カードは在庫8個、そのうち予約5個。予約分は自由在庫に含めません。,自由在庫が最も少ない品を選んでください。,"{""カード"": ""カード"", ""ケース"": ""ケース"", ""ノート"": ""ノート"", ""ファイル"": ""ファイル"", ""ペン"": ""ペン"", ""ラベル"": ""ラベル"", ""冊子"": ""冊子"", ""袋"": ""袋""}"
v2-gen-noul-10-032,generated,noul,条件付き義務,true,false,0.5246246317810445,0.0017503291380498442,0.7436505381477277,,"{""規則"": ""追加申請なら上長の承認が必要。それ以外では義務なし"", ""条件に該当"": true, ""必要処置を実施"": true}",この案件は記載された義務のルールに違反していませんか。違反がなければはいです。,"{""false"": ""いいえ。質問の命題は成立しない。"", ""true"": ""はい。質問の命題が成立する。""}"
v2-gen-noul-06-002,generated,noul,更新後の状態,true,false,0.5233366774489401,0.0015719559383864379,0.7409448600480505,,"{""対象"": ""草原"", ""更新記録"": [{""時刻"": 14, ""状態"": ""点検中""}, {""時刻"": 17, ""状態"": ""空席あり""}, {""時刻"": 21, ""状態"": ""満席""}, {""時刻"": 8, ""状態"": ""空席あり""}], ""規則"": ""最新時刻の記録が有効""}",最新の有効な記録から「満席」と言えますか。,"{""false"": ""いいえ。質問の命題は成立しない。"", ""true"": ""はい。質問の命題が成立する。""}"
v2-gen-noul-04-029,generated,noul,例外の優先,false,true,0.5206515209553604,0.001230926626761053,0.7353274324178741,,"{""許可条件"": ""登録済み"", ""優先禁止条件"": ""申請保留中"", ""対象"": ""林"", ""許可条件に該当"": true, ""禁止条件に該当"": true}",禁止例外を先に考慮すると、この利用を認められますか。,"{""false"": ""いいえ。質問の命題は成立しない。"", ""true"": ""はい。質問の命題が成立する。""}"
v2-gen-score-15-002,generated,score,軽重のある項目,2,3,0.5128915643793106,0.43122620398351497,1.2359889045342265,0.8775771993936563,"{""不備ごとの配点"": {""添付欠落"": 2, ""頁番号欠落"": 1, ""誤字"": 1, ""日付欠落"": 1, ""署名欠落"": 1, ""宛名不備"": 1, ""余白不備"": 1}, ""不備あり"": {""添付欠落"": false, ""頁番号欠落"": false, ""誤字"": true, ""日付欠落"": false, ""署名欠落"": false, ""宛名不備"": false, ""余白不備"": true}, ""上限"": 7}",配点の違いを反映した最終段階を選んでください。,"[""不備点の合計が0点"", ""不備点の合計が1点"", ""不備点の合計が2点"", ""不備点の合計が3点"", ""不備点の合計が4点"", ""不備点の合計が5点"", ""不備点の合計が6点"", ""不備点の合計が7点以上""]"
manual_v2_choice_024,manual,choice,arithmetic,option_3,option_0,0.5117702948198978,0.12807497131206413,1.4652557647266267,,24枚の模様紙を6人で同じ枚数ずつ分け、余りが出ないようにした。,一人分を選ぶ。,"{""option_0"": ""3枚"", ""option_1"": ""6枚"", ""option_2"": ""8枚"", ""option_3"": ""4枚""}"
v2-gen-choice-11-024,generated,choice,小数量の比較,名札,ラベル,0.5032434203951425,0.3821187900032834,1.3360446160103912,,"{""在庫"": [{""品名"": ""冊子"", ""総在庫"": 5, ""予約分"": 4}, {""品名"": ""付箋"", ""総在庫"": 3, ""予約分"": 3}, {""品名"": ""箱"", ""総在庫"": 8, ""予約分"": 3}, {""品名"": ""ペン"", ""総在庫"": 2, ""予約分"": 0}, {""品名"": ""名札"", ""総在庫"": 16, ""予約分"": 4}, {""品名"": ""カード"", ""総在庫"": 8, ""予約分"": 1}, {""品名"": ""ラベル"", ""総在庫"": 11, ""予約分"": 2}], ""自由在庫"": ""総在庫から予約分を引く""}",自由在庫が最も多い品を選んでください。,"{""カード"": ""カード"", ""ペン"": ""ペン"", ""ラベル"": ""ラベル"", ""付箋"": ""付箋"", ""冊子"": ""冊子"", ""名札"": ""名札"", ""箱"": ""箱""}"
v2-gen-noul-11-032,generated,noul,参照関係の真偽,false,true,0.5029833718232924,2.5681588265991095e-05,0.6991317963491935,,担当表: 夕凪は渡辺、朝露は山田、青空は松本、星空は石田、木漏れ日は森、若葉は林。資料の関連先: 用紙は星空、箱は夕凪、ケースは木漏れ日、封筒は青空、カードは若葉、ファイルは朝露。,松本さんはケースが属する案件の担当者と言えますか。,"{""false"": ""いいえ。質問の命題は成立しない。"", ""true"": ""はい。質問の命題が成立する。""}"
v2-gen-choice-04-019,generated,choice,参照先の担当,林,山田,0.499724449415285,0.1366474461262721,0.9249506701703072,,担当: 水面は山田、春風は林、白波は佐藤。資料の所属: ペンは春風案件、名札は白波案件、テープは水面案件。確認する資料はペンです。,この資料について、所属案件を通じて連絡すべき担当者は誰ですか。,"{""佐藤"": ""佐藤さん"", ""山田"": ""山田さん"", ""林"": ""林さん""}"
v2-gen-score-13-028,generated,score,取消しを反映した件数,4,5,0.499621395191387,0.3171449575074974,1.3029099983021837,0.18180093363593208,若葉の申込み記録: 山田は受付済み・取消済み、吉田は受付済み・取消済み、遠藤は受付済み・取消なし、佐藤は受付済み・取消なし、松本は受付済み・取消なし、森は受付済み・取消なし、高橋は受付済み・取消済み。取消済みの申込みは有効件数から除きます。5件以上は最終段階5にまとめます。,取消し後に残る有効申込み数を段階として選んでください。,"[""有効申込みが0件"", ""有効申込みが1件"", ""有効申込みが2件"", ""有効申込みが3件"", ""有効申込みが4件"", ""有効申込みが5件以上""]"
manual_v2_choice_032,manual,choice,arithmetic,option_4,option_0,0.49772911676246023,0.2556233300219952,1.1931074949273264,,"{""楽譜全体のページ数"": 18, ""初日に読んだページ数"": 7, ""次の日に読んだページ数"": 6, ""重複して読んだページ"": 0}",未読ページ数を選ぶ。,"{""option_0"": ""3"", ""option_1"": ""4"", ""option_2"": ""6"", ""option_3"": ""7"", ""option_4"": ""5""}"
v2-gen-choice-03-038,generated,choice,最終更新,承認,保留,0.48734079550402115,0.3938581879756833,1.367802872109713,,"{""案件"": ""草原"", ""更新記録"": [{""時"": 10, ""状態"": ""確認中""}, {""時"": 18, ""状態"": ""承認""}, {""時"": 14, ""状態"": ""保留""}]}",最後の時刻の記録が有効です。現在の状態はどれですか。,"{""保留"": ""保留"", ""取消"": ""取消"", ""受取済み"": ""受取済み"", ""承認"": ""承認"", ""未着手"": ""未着手"", ""発送済み"": ""発送済み"", ""確認中"": ""確認中""}"
v2-gen-score-09-013,generated,score,例外による上限,3,2,0.48456621135077693,0.32735332201328904,0.9758765868372127,0.7331552156160339,"{""検査合格"": {""記録"": true, ""寸法"": true, ""表示"": true, ""動作"": false}, ""要再確認の印あり"": false, ""採点規則"": ""合格数が点数。ただし印があれば上限3点""}",例外条件を反映した評価段階を答えてください。,"[""最終点0点"", ""最終点1点"", ""最終点2点"", ""最終点3点"", ""最終点4点""]"
v2-gen-score-15-014,generated,score,軽重のある項目,4,5,0.47881540072964246,0.33561588066927284,1.7915553345164175,0.062393532487594605,この点検の配点: 添付欠落は2点、日付欠落は1点、余白不備は1点、頁番号欠落は1点、署名欠落は1点。見つかった不備: 添付欠落、日付欠落、余白不備。該当項目の点を合計し、5点以上は段階5にまとめます。,見つかった不備の点数を合計し、上限を適用してください。,"[""不備点の合計が0点"", ""不備点の合計が1点"", ""不備点の合計が2点"", ""不備点の合計が3点"", ""不備点の合計が4点"", ""不備点の合計が5点以上""]"
v2-gen-score-15-016,generated,score,軽重のある項目,4,5,0.4767856604306158,0.34593786011232064,1.6935404332844746,1.1293475129259285,"{""不備ごとの配点"": {""署名欠落"": 2, ""頁番号欠落"": 1, ""宛名不備"": 1, ""添付欠落"": 1, ""日付欠落"": 1, ""誤字"": 1, ""余白不備"": 1}, ""不備あり"": {""署名欠落"": false, ""頁番号欠落"": true, ""宛名不備"": true, ""添付欠落"": true, ""日付欠落"": false, ""誤字"": false, ""余白不備"": true}, ""上限"": 7}",配点の違いを反映した最終段階を選んでください。,"[""不備点の合計が0点"", ""不備点の合計が1点"", ""不備点の合計が2点"", ""不備点の合計が3点"", ""不備点の合計が4点"", ""不備点の合計が5点"", ""不備点の合計が6点"", ""不備点の合計が7点以上""]"
v2-gen-choice-06-002,generated,choice,時間枠の包含,黄,茶,0.4743167035935335,0.19601860248721736,0.7693231060667788,,部屋の連続利用可能時間: 茶室は14時から15時まで、青室は11時から13時まで、黄室は13時から16時まで。会議は13時開始、14時終了です。,会議開始から終了まで空いている部屋はどれですか。境界時刻が一致していても利用できます。,"{""茶"": ""茶室"", ""青"": ""青室"", ""黄"": ""黄室""}"
v2-gen-score-13-007,generated,score,取消しを反映した件数,1,2,0.47335560944695937,0.2656679383920175,1.747338466083852,1.2551807487281863,朝露の申込み記録: 加藤は受付済み・取消なし、山田は未受付・取消なし、吉田は受付済み・取消済み、高橋は未受付・取消なし、青木は未受付・取消なし、大野は未受付・取消なし。取消済みの申込みは有効件数から除きます。5件以上は最終段階5にまとめます。,受付済みから取消済みを除いた件数はいくつの段階ですか。,"[""有効申込みが0件"", ""有効申込みが1件"", ""有効申込みが2件"", ""有効申込みが3件"", ""有効申込みが4件"", ""有効申込みが5件以上""]"
v2-gen-score-13-029,generated,score,取消しを反映した件数,4,5,0.45986975298858096,0.3582630048887706,1.3299597124091416,0.8207431974948998,灯台の申込み記録: 高橋は未受付・取消なし、佐藤は受付済み・取消なし、木村は受付済み・取消なし、松本は未受付・取消なし、森は受付済み・取消なし、吉田は受付済み・取消済み、中村は受付済み・取消なし、上田は受付済み・取消済み。取消済みの申込みは有効件数から除きます。6件以上は最終段階6にまとめます。,受付済みから取消済みを除いた件数はいくつの段階ですか。,"[""有効申込みが0件"", ""有効申込みが1件"", ""有効申込みが2件"", ""有効申込みが3件"", ""有効申込みが4件"", ""有効申込みが5件"", ""有効申込みが6件以上""]"
v2-gen-score-12-006,generated,score,目標からの差,3,2,0.45574268787833727,0.3274923600294034,0.9877767142844267,0.7663711482111908,木漏れ日の目標数は15個、実績は12個です。多すぎても少なすぎても、目標から何個離れたかで評価します。差が4個以上なら最終段階4にまとめます。,目標からのずれの段階を選んでください。,"[""目標との差が0個"", ""目標との差が1個"", ""目標との差が2個"", ""目標との差が3個"", ""目標との差が4個以上""]"
v2-gen-score-06-027,generated,score,約束時刻からの遅れ,4,3,0.4556151048992696,0.2539980593860891,1.7487661566520913,1.2564986879009261,"{""便"": ""草原"", ""約束時刻"": 10, ""実際の到着時刻"": 19, ""同日"": true, ""早着時の遅れ"": 0}",到着の遅れを段階基準で評価してください。,"[""遅れが2時間未満"", ""遅れが2時間以上、4時間未満"", ""遅れが4時間以上、6時間未満"", ""遅れが6時間以上、8時間未満"", ""遅れが8時間以上""]"
v2-gen-score-13-049,generated,score,取消しを反映した件数,1,2,0.4465117907043334,0.21401281763145596,2.2398456311842825,1.4817340978270597,若葉の申込み記録: 渡辺は受付済み・取消済み、加藤は未受付・取消なし、木村は受付済み・取消済み、遠藤は未受付・取消なし、青木は未受付・取消なし、石田は未受付・取消なし、佐藤は受付済み・取消なし、吉田は受付済み・取消済み。取消済みの申込みは有効件数から除きます。5件以上は最終段階5にまとめます。,現在有効な申込みだけを数えて評価してください。,"[""有効申込みが0件"", ""有効申込みが1件"", ""有効申込みが2件"", ""有効申込みが3件"", ""有効申込みが4件"", ""有効申込みが5件以上""]"
v2-gen-score-10-029,generated,score,不足の段階,4,3,0.4393167484335721,0.35066843256815305,1.018964397691526,0.43204097998447644,"{""申請"": ""春風"", ""必要書類"": [""申込書"", ""添付図"", ""受領票"", ""同意書"", ""承認書"", ""見積書""], ""届いた書類"": [""同意書"", ""参考資料"", ""見積書""], ""余分な書類で代用できる"": false}",必要一覧と届いた一覧を照合し、不足の程度を判定してください。,"[""不足が0種類"", ""不足が1種類"", ""不足が2種類"", ""不足が3種類"", ""不足が4種類"", ""不足が5種類"", ""不足が6種類""]"
v2-gen-score-09-021,generated,score,例外による上限,5,4,0.4343340031111203,0.21279303531287086,2.0777196802972986,1.5736973613610075,"{""検査合格"": {""包装"": true, ""動作"": true, ""寸法"": true, ""外観"": true, ""記録"": true}, ""要再確認の印あり"": false, ""採点規則"": ""合格数が点数。ただし印があれば上限1点""}",上限制限を適用した最終点を選んでください。,"[""最終点0点"", ""最終点1点"", ""最終点2点"", ""最終点3点"", ""最終点4点"", ""最終点5点""]"
v2-gen-score-15-022,generated,score,軽重のある項目,3,4,0.4340793446434574,0.3095977499204965,1.740027382183856,1.2522398719193877,"{""不備ごとの配点"": {""署名欠落"": 2, ""日付欠落"": 1, ""頁番号欠落"": 1, ""余白不備"": 1, ""添付欠落"": 1, ""宛名不備"": 1}, ""不備あり"": {""署名欠落"": false, ""日付欠落"": false, ""頁番号欠落"": true, ""余白不備"": true, ""添付欠落"": false, ""宛名不備"": true}, ""上限"": 6}",項目数ではなく指定された点数で評価してください。,"[""不備点の合計が0点"", ""不備点の合計が1点"", ""不備点の合計が2点"", ""不備点の合計が3点"", ""不備点の合計が4点"", ""不備点の合計が5点"", ""不備点の合計が6点以上""]"
manual_v2_score_028,manual,score,arithmetic,4,3,0.42873247232921513,0.24757762612353917,2.415835224505878,1.502692690420178,絵葉書を4人が2枚ずつ描いた。そのうち3枚を展示した。,展示していない枚数の区分を選ぶ。,"[""0枚"", ""1枚"", ""2枚"", ""3枚"", ""4枚以上""]"
v2-gen-choice-10-024,generated,choice,不在時の代理,大野,加藤,0.42590957759755266,0.05643373739393165,1.5252543704209724,,"{""案件担当"": {""白波"": ""木村"", ""夕凪"": ""大野"", ""草原"": ""吉田"", ""青空"": ""加藤""}, ""代理者"": {""木村"": ""大野"", ""大野"": ""吉田"", ""吉田"": ""加藤"", ""加藤"": ""木村""}, ""不在者"": [""大野"", ""吉田"", ""木村""], ""案件"": ""白波"", ""ルール"": ""担当者が不在なら指定代理に一度だけ振替。代理の在席状況は問わない""}",一回だけの代理振替を適用した後の宛先を答えてください。,"{""加藤"": ""加藤さん"", ""吉田"": ""吉田さん"", ""大野"": ""大野さん"", ""木村"": ""木村さん""}"
v2-gen-choice-12-043,generated,choice,条件付き不足書類,本人確認票,追加不要,0.41908675997203326,0.035859691614299916,0.9877735824573431,,"{""確認優先順"": [""承認書"", ""本人確認票""], ""代理申請だけに必要"": ""承認書"", ""代理申請"": false, ""提出済み"": [""承認書""]}",申請区分に応じて必要書類を確認し、最優先で追加提出を求めるものを答えてください。なければ追加不要です。,"{""承認書"": ""承認書"", ""本人確認票"": ""本人確認票"", ""追加不要"": ""必要書類はすべて提出済み""}"
v2-gen-score-13-004,generated,score,取消しを反映した件数,1,0,0.418424333265812,0.05877961596020609,0.8957938461509295,0.24513202231954923,"{""催し"": ""白波"", ""申込み"": [{""氏名"": ""上田"", ""受付済み"": false, ""取消済み"": false}, {""氏名"": ""木村"", ""受付済み"": false, ""取消済み"": false}, {""氏名"": ""吉田"", ""受付済み"": true, ""取消済み"": true}, {""氏名"": ""高橋"", ""受付済み"": false, ""取消済み"": false}, {""氏名"": ""石田"", ""受付済み"": true, ""取消済み"": true}, {""氏名"": ""松本"", ""受付済み"": true, ""取消済み"": true}, {""氏名"": ""大野"", ""受付済み"": true, ""取消済み"": false}], ""まとめ方"": ""2件以上は段階2""}",受付済みから取消済みを除いた件数はいくつの段階ですか。,"[""有効申込みが0件"", ""有効申込みが1件"", ""有効申込みが2件以上""]"
v2-gen-score-12-029,generated,score,目標からの差,4,6,0.41531019917039086,0.21736252698290814,1.364716710089212,0.44212605368798474,星空の目標数は10個、実績は14個です。多すぎても少なすぎても、目標から何個離れたかで評価します。差が6個以上なら最終段階6にまとめます。,不足・超過の向きではなく差の大きさで評価してください。,"[""目標との差が0個"", ""目標との差が1個"", ""目標との差が2個"", ""目標との差が3個"", ""目標との差が4個"", ""目標との差が5個"", ""目標との差が6個以上""]"
v2-gen-score-15-007,generated,score,軽重のある項目,3,4,0.40908885379603593,0.32668776399804167,1.002968944737482,0.7208321938276052,"{""不備ごとの配点"": {""日付欠落"": 2, ""添付欠落"": 1, ""頁番号欠落"": 1, ""宛名不備"": 1, ""誤字"": 1}, ""不備あり"": {""日付欠落"": false, ""添付欠落"": true, ""頁番号欠落"": true, ""宛名不備"": false, ""誤字"": true}, ""上限"": 5}",配点の違いを反映した最終段階を選んでください。,"[""不備点の合計が0点"", ""不備点の合計が1点"", ""不備点の合計が2点"", ""不備点の合計が3点"", ""不備点の合計が4点"", ""不備点の合計が5点以上""]"
v2-gen-score-15-049,generated,score,軽重のある項目,3,4,0.38567060337514686,0.33990592334073455,1.004081995490442,0.7952423968998108,"{""不備ごとの配点"": {""宛名不備"": 2, ""誤字"": 1, ""添付欠落"": 1, ""日付欠落"": 1, ""余白不備"": 1}, ""不備あり"": {""宛名不備"": false, ""誤字"": true, ""添付欠落"": true, ""日付欠落"": true, ""余白不備"": false}, ""上限"": 5}",配点の違いを反映した最終段階を選んでください。,"[""不備点の合計が0点"", ""不備点の合計が1点"", ""不備点の合計が2点"", ""不備点の合計が3点"", ""不備点の合計が4点"", ""不備点の合計が5点以上""]"
v2-gen-score-12-036,generated,score,目標からの差,5,1,0.3848759559555014,0.18216107428657402,1.8659837238368435,2.20523044461093,"{""案件"": ""青空"", ""目標数"": 15, ""実績数"": 20, ""採点"": ""差の絶対値。ただし6以上は段階6""}",目標からのずれの段階を選んでください。,"[""目標との差が0個"", ""目標との差が1個"", ""目標との差が2個"", ""目標との差が3個"", ""目標との差が4個"", ""目標との差が5個"", ""目標との差が6個以上""]"
v2-gen-score-06-022,generated,score,約束時刻からの遅れ,3,2,0.3791949238501772,0.22751596649094552,1.9249416950403138,0.9615406654752316,"{""便"": ""木漏れ日"", ""約束時刻"": 8, ""実際の到着時刻"": 15, ""同日"": true, ""早着時の遅れ"": 0}",約束時刻と到着時刻の差から、遅延段階を選んでください。,"[""遅れが2時間未満"", ""遅れが2時間以上、4時間未満"", ""遅れが4時間以上、6時間未満"", ""遅れが6時間以上、8時間未満"", ""遅れが8時間以上、10時間未満"", ""遅れが10時間以上、12時間未満"", ""遅れが12時間以上""]"
v2-gen-score-15-030,generated,score,軽重のある項目,6,5,0.3765251855177555,0.27020122344952124,1.4231453260460125,0.8053883516489044,"{""不備ごとの配点"": {""誤字"": 2, ""日付欠落"": 1, ""宛名不備"": 1, ""署名欠落"": 1, ""頁番号欠落"": 1, ""添付欠落"": 1, ""余白不備"": 1}, ""不備あり"": {""誤字"": true, ""日付欠落"": true, ""宛名不備"": true, ""署名欠落"": false, ""頁番号欠落"": true, ""添付欠落"": false, ""余白不備"": true}, ""上限"": 7}",配点の違いを反映した最終段階を選んでください。,"[""不備点の合計が0点"", ""不備点の合計が1点"", ""不備点の合計が2点"", ""不備点の合計が3点"", ""不備点の合計が4点"", ""不備点の合計が5点"", ""不備点の合計が6点"", ""不備点の合計が7点以上""]"
v2-gen-score-06-035,generated,score,約束時刻からの遅れ,4,2,0.3745333767163173,0.25511347844148513,2.3025544329614482,1.5240295894645812,夕凪便は9時到着の約束でした。実際の到着は同じ日の13時です。早着した場合の遅れは0時間とします。,約束時刻と到着時刻の差から、遅延段階を選んでください。,"[""遅れが1時間未満"", ""遅れが1時間以上、2時間未満"", ""遅れが2時間以上、3時間未満"", ""遅れが3時間以上、4時間未満"", ""遅れが4時間以上、5時間未満"", ""遅れが5時間以上""]"
v2-gen-score-06-002,generated,score,約束時刻からの遅れ,3,2,0.3664596789047171,0.10740220167083792,2.1314462494119617,0.23281968531515407,"{""便"": ""夕凪"", ""約束時刻"": 6, ""実際の到着時刻"": 12, ""同日"": true, ""早着時の遅れ"": 0}",到着の遅れを段階基準で評価してください。,"[""遅れが2時間未満"", ""遅れが2時間以上、4時間未満"", ""遅れが4時間以上、6時間未満"", ""遅れが6時間以上、8時間未満"", ""遅れが8時間以上、10時間未満"", ""遅れが10時間以上、12時間未満"", ""遅れが12時間以上、14時間未満"", ""遅れが14時間以上""]"
v2-gen-score-06-030,generated,score,約束時刻からの遅れ,7,5,0.36476253812664733,0.2646763798957783,1.5208459889312218,1.6401700182036318,星空便は6時到着の約束でした。実際の到着は同じ日の14時です。早着した場合の遅れは0時間とします。,約束時刻と到着時刻の差から、遅延段階を選んでください。,"[""遅れが1時間未満"", ""遅れが1時間以上、2時間未満"", ""遅れが2時間以上、3時間未満"", ""遅れが3時間以上、4時間未満"", ""遅れが4時間以上、5時間未満"", ""遅れが5時間以上、6時間未満"", ""遅れが6時間以上、7時間未満"", ""遅れが7時間以上""]"
v2-gen-score-13-016,generated,score,取消しを反映した件数,6,7,0.3459668923018515,0.35420853154087506,1.235366752952149,0.13158827678894092,朝露の申込み記録: 渡辺は未受付・取消なし、遠藤は受付済み・取消なし、山田は受付済み・取消済み、林は受付済み・取消なし、石田は受付済み・取消なし、青木は受付済み・取消なし、加藤は受付済み・取消なし、森は受付済み・取消なし。取消済みの申込みは有効件数から除きます。7件以上は最終段階7にまとめます。,受付済みから取消済みを除いた件数はいくつの段階ですか。,"[""有効申込みが0件"", ""有効申込みが1件"", ""有効申込みが2件"", ""有効申込みが3件"", ""有効申込みが4件"", ""有効申込みが5件"", ""有効申込みが6件"", ""有効申込みが7件以上""]"
v2-gen-score-12-042,generated,score,目標からの差,5,2,0.3446253612313703,0.1311622974763057,1.2845587046142795,2.239875654740532,"{""案件"": ""木漏れ日"", ""目標数"": 15, ""実績数"": 20, ""採点"": ""差の絶対値。ただし5以上は段階5""}",示された上限を含め、実績のずれを段階に変換してください。,"[""目標との差が0個"", ""目標との差が1個"", ""目標との差が2個"", ""目標との差が3個"", ""目標との差が4個"", ""目標との差が5個以上""]"
manual_v2_score_027,manual,score,arithmetic,3,2,0.3286149566975638,0.0961722650994774,1.255192636107897,0.9477379418004919,色水8杯を二つの容器へ同じ量ずつ分けた。その後、片方から1杯取り出した。,取り出した側に残る杯数を選ぶ。,"[""0杯"", ""1杯"", ""2杯"", ""3杯"", ""4杯以上""]"
v2-gen-score-12-035,generated,score,目標からの差,4,5,0.3221924486925609,0.09429269582046351,1.8589301674627838,0.8715538976898229,水面の目標数は14個、実績は18個です。多すぎても少なすぎても、目標から何個離れたかで評価します。差が5個以上なら最終段階5にまとめます。,示された上限を含め、実績のずれを段階に変換してください。,"[""目標との差が0個"", ""目標との差が1個"", ""目標との差が2個"", ""目標との差が3個"", ""目標との差が4個"", ""目標との差が5個以上""]"
v2-gen-score-06-016,generated,score,約束時刻からの遅れ,5,4,0.31865265126419035,0.18954870653872502,1.35837341423126,0.3592773174017285,"{""便"": ""星空"", ""約束時刻"": 7, ""実際の到着時刻"": 18, ""同日"": true, ""早着時の遅れ"": 0}",遅れの時間に対応する段階を答えてください。,"[""遅れが2時間未満"", ""遅れが2時間以上、4時間未満"", ""遅れが4時間以上、6時間未満"", ""遅れが6時間以上、8時間未満"", ""遅れが8時間以上、10時間未満"", ""遅れが10時間以上、12時間未満"", ""遅れが12時間以上、14時間未満"", ""遅れが14時間以上""]"
v2-gen-score-06-023,generated,score,約束時刻からの遅れ,6,4,0.3168303811507821,0.19896250371922497,2.255397168596233,1.2046091105380619,"{""便"": ""夕凪"", ""約束時刻"": 7, ""実際の到着時刻"": 19, ""同日"": true, ""早着時の遅れ"": 0}",遅れの時間に対応する段階を答えてください。,"[""遅れが2時間未満"", ""遅れが2時間以上、4時間未満"", ""遅れが4時間以上、6時間未満"", ""遅れが6時間以上、8時間未満"", ""遅れが8時間以上、10時間未満"", ""遅れが10時間以上、12時間未満"", ""遅れが12時間以上、14時間未満"", ""遅れが14時間以上""]"
v2-gen-score-13-008,generated,score,取消しを反映した件数,1,2,0.30964113223639306,0.12866727765977903,1.8471979027323862,1.6048057923103958,木漏れ日の申込み記録: 森は受付済み・取消済み、大野は受付済み・取消済み、松本は未受付・取消なし、木村は未受付・取消なし、青木は受付済み・取消済み、林は受付済み・取消なし。取消済みの申込みは有効件数から除きます。6件以上は最終段階6にまとめます。,現在有効な申込みだけを数えて評価してください。,"[""有効申込みが0件"", ""有効申込みが1件"", ""有効申込みが2件"", ""有効申込みが3件"", ""有効申込みが4件"", ""有効申込みが5件"", ""有効申込みが6件以上""]"
v2-gen-score-13-022,generated,score,取消しを反映した件数,3,6,0.29240641065152884,0.15197298549548344,2.267337222910165,1.398028266011135,若葉の申込み記録: 青木は受付済み・取消なし、森は受付済み・取消なし、中村は受付済み・取消済み、加藤は受付済み・取消済み、大野は受付済み・取消済み、吉田は受付済み・取消済み、渡辺は受付済み・取消なし。取消済みの申込みは有効件数から除きます。6件以上は最終段階6にまとめます。,受付済みから取消済みを除いた件数はいくつの段階ですか。,"[""有効申込みが0件"", ""有効申込みが1件"", ""有効申込みが2件"", ""有効申込みが3件"", ""有効申込みが4件"", ""有効申込みが5件"", ""有効申込みが6件以上""]"
v2-gen-score-13-044,generated,score,取消しを反映した件数,2,4,0.28604884798891467,0.12245720484029954,2.2315627797493662,2.0017064992059392,夕凪の申込み記録: 吉田は受付済み・取消なし、山田は受付済み・取消済み、木村は未受付・取消なし、大野は受付済み・取消済み、遠藤は受付済み・取消なし、中村は受付済み・取消済み、青木は受付済み・取消済み、加藤は受付済み・取消済み。取消済みの申込みは有効件数から除きます。7件以上は最終段階7にまとめます。,取消し後に残る有効申込み数を段階として選んでください。,"[""有効申込みが0件"", ""有効申込みが1件"", ""有効申込みが2件"", ""有効申込みが3件"", ""有効申込みが4件"", ""有効申込みが5件"", ""有効申込みが6件"", ""有効申込みが7件以上""]"
v2-gen-score-13-015,generated,score,取消しを反映した件数,2,1,0.2765372739446818,0.11680027532502546,1.4288422655814321,0.7844445379882847,"{""催し"": ""草原"", ""申込み"": [{""氏名"": ""渡辺"", ""受付済み"": true, ""取消済み"": true}, {""氏名"": ""上田"", ""受付済み"": true, ""取消済み"": true}, {""氏名"": ""青木"", ""受付済み"": true, ""取消済み"": true}, {""氏名"": ""林"", ""受付済み"": true, ""取消済み"": false}, {""氏名"": ""松本"", ""受付済み"": true, ""取消済み"": true}, {""氏名"": ""加藤"", ""受付済み"": true, ""取消済み"": false}], ""まとめ方"": ""6件以上は段階6""}",受付済みから取消済みを除いた件数はいくつの段階ですか。,"[""有効申込みが0件"", ""有効申込みが1件"", ""有効申込みが2件"", ""有効申込みが3件"", ""有効申込みが4件"", ""有効申込みが5件"", ""有効申込みが6件以上""]"
v2-gen-choice-10-007,generated,choice,不在時の代理,森,佐藤,0.2343870296724292,0.11749319593624696,2.5624259552075612,,担当者: 水面は大野、夕凪は林、白波は佐藤、若葉は森、星空は松本、春風は加藤、草原は青木、木漏れ日は山田。代理者: 大野の代理は林、林の代理は佐藤、佐藤の代理は森、森の代理は松本、松本の代理は加藤、加藤の代理は青木、青木の代理は山田、山田の代理は大野。本日の不在者は佐藤、林、松本、森。問い合わせ先の案件は白波です。代理への振替は一回だけ行い、その先の不在は判定しません。,この案件を担当本人または指定代理に連絡します。宛先は誰ですか。,"{""佐藤"": ""佐藤さん"", ""加藤"": ""加藤さん"", ""大野"": ""大野さん"", ""山田"": ""山田さん"", ""松本"": ""松本さん"", ""林"": ""林さん"", ""森"": ""森さん"", ""青木"": ""青木さん""}"
v2-gen-choice-10-036,generated,choice,不在時の代理,渡辺,青木,0.23382261326551368,0.04377129102551669,2.7164830775586988,,担当者: 朝露は中村、青空は山田、若葉は佐藤、水面は青木、白波は遠藤、夕凪は渡辺。代理者: 中村の代理は山田、山田の代理は佐藤、佐藤の代理は青木、青木の代理は遠藤、遠藤の代理は渡辺、渡辺の代理は中村。本日の不在者は山田、佐藤、遠藤、中村。問い合わせ先の案件は白波です。代理への振替は一回だけ行い、その先の不在は判定しません。,この案件を担当本人または指定代理に連絡します。宛先は誰ですか。,"{""中村"": ""中村さん"", ""佐藤"": ""佐藤さん"", ""山田"": ""山田さん"", ""渡辺"": ""渡辺さん"", ""遠藤"": ""遠藤さん"", ""青木"": ""青木さん""}"
