source,family,types,count,correct,accuracy,delta_nll,delta_brier,delta_score_mae,delta_score_normalized_mae
generated,いずれかの条件,noul,50,50,1.0,0.00872686567938935,0.000968298438328355,,
generated,不在時の代理,choice,49,40,0.8163265306122449,-0.042638086672397435,-0.0032111026473686244,,
generated,不足の段階,score,49,44,0.8979591836734694,0.03643866038800114,0.011348822516115659,0.04351734986656064,0.013393146152850817
generated,予定時間の重なり,noul,49,46,0.9387755102040817,0.016840419857818673,-0.0010885801852735522,,
generated,事実と否定質問,noul,50,50,1.0,0.009163587463656564,0.001760301304057836,,
generated,二属性照合,choice,49,49,1.0,0.006354801200221191,0.0008281347166158264,,
generated,件数の段階境界,score,50,50,1.0,0.010802304500777259,0.00115248398300167,0.007706169917392949,0.00213655026517096
generated,例外による上限,score,49,42,0.8571428571428571,0.021857352346304426,0.01233683892834897,0.05588714054375757,0.012996084278688466
generated,例外の優先,noul,50,49,0.98,0.041992177961751045,0.015700766701149654,,
generated,全条件の充足,noul,50,50,1.0,0.002898512142044733,3.6045122014409736e-05,,
generated,出来事の前後関係,noul,49,48,0.9795918367346939,0.0043988187873504475,0.002108870554903955,,
generated,利用可能集合の差,choice,49,49,1.0,0.0059939912496518736,0.0004810588374425306,,
generated,参照先の担当,choice,50,49,0.98,0.015079412606431447,0.001864881125151558,,
generated,参照表の順序尺度,score,49,48,0.9795918367346939,-0.023485604080912284,-0.0006258701898368066,0.012141034694417244,0.0035674077643160418
generated,参照関係の真偽,noul,49,45,0.9183673469387755,0.030680756121873043,0.01020470959366232,,
generated,取消しを反映した件数,score,49,33,0.673469387755102,-0.03803148587522498,-0.007255163112208252,0.035931864909950484,0.009432332378854658
generated,否定条件で選択,choice,50,50,1.0,0.01647357516678389,0.004708842757045052,,
generated,問い合わせ経路,choice,50,50,1.0,0.0013095342350195587,1.1700827936679196e-05,,
generated,小数量の比較,choice,49,44,0.8979591836734694,0.04232307699606491,0.010541684747556596,,
generated,工程の依存順,choice,49,49,1.0,0.01807677491736777,0.0033735862831312064,,
generated,改訂と例外の優先,choice,49,49,1.0,0.018612783671662594,0.005145848517507304,,
generated,文章内の順序参照,choice,49,49,1.0,0.009969602794575566,0.0006742105432295056,,
generated,時刻順の評価更新,score,49,44,0.8979591836734694,-0.0223978475622727,-0.007450217563157391,0.06116010203542366,0.01372901602436788
generated,時間枠の包含,choice,49,45,0.9183673469387755,0.040501981007501686,0.012845687334411604,,
generated,更新後の状態,noul,49,45,0.9183673469387755,0.02331637838732753,0.008418768589268655,,
generated,最終更新,choice,50,46,0.92,-0.01931699980541407,0.0003061101586539494,,
generated,条件と優先例外,choice,50,50,1.0,0.005052259376013531,0.00017699820681568826,,
generated,条件付き不足書類,choice,49,44,0.8979591836734694,-0.023562016267250074,0.011273645370135033,,
generated,条件付き義務,noul,49,31,0.6326530612244898,-0.10697148931354872,-0.06597551207898206,,
generated,独立チェックの合計,score,50,48,0.96,0.027017365891172443,0.0030121614043531197,0.02746964444582161,0.009291171662065296
generated,目標からの差,score,49,40,0.8163265306122449,0.018367780585933968,-0.0021916140577682985,0.02771474466834334,0.007145178008764311
generated,範囲の開閉境界,noul,49,49,1.0,0.004885629132222362,0.00046725270992845373,,
generated,約束時刻からの遅れ,score,49,29,0.5918367346938775,-0.09145781368686667,-0.045154855974989805,0.009513279052996482,0.00288556986230383
generated,緊急条件の加点,score,50,48,0.96,0.04000159691669375,0.008351959244117212,0.034086044569983306,0.01214662260815778
generated,締切の境界,noul,50,50,1.0,0.007589365231225877,0.00037848732919620973,,
generated,複数属性の制約,choice,49,49,1.0,0.005486891499362975,0.00025924062559171975,,
generated,要件への一致数,score,49,44,0.8979591836734694,0.007052794595378831,-0.008767271786129821,0.023560581505857867,0.006545124333332722
generated,記述の満足段階,score,50,50,1.0,0.011859127290133244,0.001512579030615956,0.010420803757830178,0.002460872821836437
generated,記録と主張の照合,noul,49,49,1.0,0.0019693258053535617,2.0290262521681267e-05,,
generated,証拠の最高到達段階,score,49,43,0.8775510204081632,-0.11805998792757377,-0.009928122533833073,0.02392042651368237,0.005131433357308923
generated,識別文字列の完全一致,noul,49,49,1.0,0.010856534771475117,0.0012683072633542557,,
generated,軽重のある項目,score,49,38,0.7755102040816326,-0.05680830520079305,-0.014535077887895875,0.01679400941400505,0.005305096971247536
generated,重複を除いた件数,noul,49,43,0.8775510204081632,-0.013978499249858695,-0.007310739670345789,,
generated,集合と否定所属,noul,49,49,1.0,0.006128764017981257,0.0004398917759171082,,
generated,順番に進む工程,score,50,50,1.0,0.011150511690957583,0.0005271988975458378,0.01174479577830969,0.003281241803985018
manual,arithmetic,"choice,noul,score",17,10,0.5882352941176471,-0.08554601888778923,-0.027514235687382038,0.0146752390588617,0.003668809764715425
manual,boundary,"choice,noul,score",9,9,1.0,0.01899504446536745,0.003778322481679668,0.028046877980827445,0.008668095333967618
manual,comparison,"choice,noul,score",5,5,1.0,0.00808367105721885,0.0001877064060863575,0.006045890313876918,0.003022945156938459
manual,conditional,"noul,score",4,4,1.0,0.006256981898364518,0.00012545350856143597,0.0009928468852546946,0.00033094896175156485
manual,conjunction,"choice,noul",6,6,1.0,0.0037743845717971044,4.0832334269714655e-05,,
manual,contrast,"choice,noul",2,2,1.0,0.003814245646251421,4.489919771799787e-05,,
manual,count,score,12,12,1.0,0.019612140442300578,0.001974937471484402,0.019109257422803443,0.004517133221262551
manual,disjunction,noul,3,3,1.0,0.007956676743046232,0.004850526029196944,,
manual,distractor,choice,1,1,1.0,0.0039473782045539516,2.445834015159921e-05,,
manual,entailment,noul,2,2,1.0,0.0028105866541804025,2.208472717923358e-05,,
manual,exact_match,noul,1,1,1.0,0.0041201552059737185,4.632693927113095e-05,,
manual,exception,"choice,noul",4,4,1.0,0.0068481140945273215,0.00016886360396106592,,
manual,extraction,"choice,noul,score",6,6,1.0,0.0038643041770869023,9.402877132143794e-05,0.013388751661287937,0.003347187915321984
manual,history,"choice,noul,score",19,19,1.0,0.01768473458493438,0.005481338291141968,0.03127570985402495,0.009526526701808528
manual,insufficient,"choice,noul,score",11,11,1.0,0.00888273012320508,0.0003042032539431028,0.012150758918267744,0.003069247357201197
manual,intersection,choice,1,1,1.0,0.00493292089701354,4.153227392273092e-05,,
manual,meaning,"choice,noul,score",20,20,1.0,0.005470334530544213,0.0002835330885691332,0.005287655211066976,0.0016089013358172718
manual,negation,"choice,noul,score",12,12,1.0,0.0070068030467889016,0.00021539572645126704,0.01450078533872748,0.00362519633468187
manual,permission,"choice,noul",2,2,1.0,0.0018193022939464662,6.294919440695799e-06,,
manual,priority,"choice,noul,score",7,7,1.0,0.005072989120755727,9.681309026727194e-05,0.0005619968595822478,0.00014049921489556194
manual,quotation,choice,1,1,1.0,0.0147062898103417,0.0007170367508585801,,
manual,range,"choice,noul,score",4,4,1.0,0.010559934661817715,0.0006003649650230048,0.008643233614830548,0.002160808403707637
manual,scope,"choice,noul,score",18,17,0.9444444444444444,-0.038005392373886754,-0.009778779223423864,-0.0009397178995589062,-0.0008989170106467881
manual,sentiment,score,5,5,1.0,0.004529489098509269,3.937211809128465e-05,0.004258715282653598,0.0010646788206633995
manual,sequence,"choice,noul",3,3,1.0,0.01749425723323176,0.001315494091428799,,
manual,temporal,"choice,noul,score",5,5,1.0,0.017102260917271433,0.0018195691112317205,0.00326666588913449,0.0008166664722836225
