subset,condition,score,threshold,accepted,errors,coverage,risk,requested_coverage
all,t1,max_probability,0.9998684069560912,240,1,0.1,0.004166666666666667,0.1
all,t1,max_probability,0.9996832859780549,480,1,0.2,0.0020833333333333333,0.2
all,t1,max_probability,0.999352892030235,720,2,0.3,0.002777777777777778,0.3
all,t1,max_probability,0.9987688675464624,960,2,0.4,0.0020833333333333333,0.4
all,t1,max_probability,0.997592620091424,1200,2,0.5,0.0016666666666666668,0.5
all,t1,max_probability,0.9948640484449971,1440,2,0.6,0.001388888888888889,0.6
all,t1,max_probability,0.9866322498999961,1680,7,0.7,0.004166666666666667,0.7
all,t1,max_probability,0.9520520826762382,1920,17,0.8,0.008854166666666666,0.8
all,t1,max_probability,0.7977135144255848,2160,57,0.9,0.02638888888888889,0.9
all,t1,max_probability,0.2541437353991412,2400,162,1.0,0.0675,1.0
all,t1,entropy_confidence,0.9986706774494445,240,0,0.1,0.0,0.1
all,t1,entropy_confidence,0.9971247079965194,480,1,0.2,0.0020833333333333333,0.2
all,t1,entropy_confidence,0.9947318403749682,720,2,0.3,0.002777777777777778,0.3
all,t1,entropy_confidence,0.9908361855088682,960,2,0.4,0.0020833333333333333,0.4
all,t1,entropy_confidence,0.9838149541707246,1200,2,0.5,0.0016666666666666668,0.5
all,t1,entropy_confidence,0.9675095816062664,1440,4,0.6,0.002777777777777778,0.6
all,t1,entropy_confidence,0.9320330143899649,1680,9,0.7,0.005357142857142857,0.7
all,t1,entropy_confidence,0.8184675917054264,1920,18,0.8,0.009375,0.8
all,t1,entropy_confidence,0.5449733975401471,2160,56,0.9,0.025925925925925925,0.9
all,t1,entropy_confidence,4.673212631811641e-05,2400,162,1.0,0.0675,1.0
all,fitted,max_probability,0.9985241590616146,240,1,0.1,0.004166666666666667,0.1
all,fitted,max_probability,0.9971938726351974,480,2,0.2,0.004166666666666667,0.2
all,fitted,max_probability,0.9952218575328308,720,2,0.3,0.002777777777777778,0.3
all,fitted,max_probability,0.9920387393522819,960,2,0.4,0.0020833333333333333,0.4
all,fitted,max_probability,0.9869822439662124,1200,2,0.5,0.0016666666666666668,0.5
all,fitted,max_probability,0.9778006425059919,1440,2,0.6,0.001388888888888889,0.6
all,fitted,max_probability,0.9522008366258242,1680,4,0.7,0.002380952380952381,0.7
all,fitted,max_probability,0.8892256252894508,1920,17,0.8,0.008854166666666666,0.8
all,fitted,max_probability,0.7119875585355485,2160,59,0.9,0.027314814814814816,0.9
all,fitted,max_probability,0.23382261326551368,2400,162,1.0,0.0675,1.0
all,fitted,entropy_confidence,0.9879478215281278,240,0,0.1,0.0,0.1
all,fitted,entropy_confidence,0.9795813436306701,480,1,0.2,0.0020833333333333333,0.2
all,fitted,entropy_confidence,0.9684407944894494,720,2,0.3,0.002777777777777778,0.3
all,fitted,entropy_confidence,0.9528134946660265,960,2,0.4,0.0020833333333333333,0.4
all,fitted,entropy_confidence,0.9302481858976965,1200,2,0.5,0.0016666666666666668,0.5
all,fitted,entropy_confidence,0.8895361206173453,1440,4,0.6,0.002777777777777778,0.6
all,fitted,entropy_confidence,0.8187345563811121,1680,9,0.7,0.005357142857142857,0.7
all,fitted,entropy_confidence,0.6541585488983801,1920,18,0.8,0.009375,0.8
all,fitted,entropy_confidence,0.39869952670361175,2160,58,0.9,0.026851851851851852,0.9
all,fitted,entropy_confidence,2.5681588265991095e-05,2400,162,1.0,0.0675,1.0
generated,t1,max_probability,0.9998717996317769,222,0,0.1,0.0,0.1
generated,t1,max_probability,0.9996832859780549,444,1,0.2,0.0022522522522522522,0.2
generated,t1,max_probability,0.9993264096909207,666,2,0.3,0.003003003003003003,0.3
generated,t1,max_probability,0.9986031320159324,888,2,0.4,0.0022522522522522522,0.4
generated,t1,max_probability,0.9973372357047281,1110,2,0.5,0.0018018018018018018,0.5
generated,t1,max_probability,0.9942200304119073,1332,3,0.6,0.0022522522522522522,0.6
generated,t1,max_probability,0.9842571407216578,1554,8,0.7,0.005148005148005148,0.7
generated,t1,max_probability,0.9452174576385941,1776,18,0.8,0.010135135135135136,0.8
generated,t1,max_probability,0.7920179097360214,1998,54,0.9,0.02702702702702703,0.9
generated,t1,max_probability,0.2541437353991412,2220,154,1.0,0.06936936936936937,1.0
generated,t1,entropy_confidence,0.998686085762368,222,0,0.1,0.0,0.1
generated,t1,entropy_confidence,0.9970950674688587,444,1,0.2,0.0022522522522522522,0.2
generated,t1,entropy_confidence,0.9944291301030943,666,2,0.3,0.003003003003003003,0.3
generated,t1,entropy_confidence,0.9900727272657458,888,2,0.4,0.0022522522522522522,0.4
generated,t1,entropy_confidence,0.9816124276398887,1110,2,0.5,0.0018018018018018018,0.5
generated,t1,entropy_confidence,0.9646070263780812,1332,4,0.6,0.003003003003003003,0.6
generated,t1,entropy_confidence,0.9235286747165674,1554,10,0.7,0.006435006435006435,0.7
generated,t1,entropy_confidence,0.8004380023198928,1776,18,0.8,0.010135135135135136,0.8
generated,t1,entropy_confidence,0.5255686523431528,1998,54,0.9,0.02702702702702703,0.9
generated,t1,entropy_confidence,4.673212631811641e-05,2220,154,1.0,0.06936936936936937,1.0
generated,fitted,max_probability,0.9985780912185295,222,1,0.1,0.0045045045045045045,0.1
generated,fitted,max_probability,0.997225828541245,444,2,0.2,0.0045045045045045045,0.2
generated,fitted,max_probability,0.9950024726625805,666,2,0.3,0.003003003003003003,0.3
generated,fitted,max_probability,0.9912909926141238,888,2,0.4,0.0022522522522522522,0.4
generated,fitted,max_probability,0.9857974341715867,1110,2,0.5,0.0018018018018018018,0.5
generated,fitted,max_probability,0.975649299159954,1332,3,0.6,0.0022522522522522522,0.6
generated,fitted,max_probability,0.9479564985659514,1554,6,0.7,0.003861003861003861,0.7
generated,fitted,max_probability,0.8802783120466434,1776,16,0.8,0.009009009009009009,0.8
generated,fitted,max_probability,0.7048443833486764,1998,57,0.9,0.028528528528528527,0.9
generated,fitted,max_probability,0.23382261326551368,2220,154,1.0,0.06936936936936937,1.0
generated,fitted,entropy_confidence,0.9880564549894826,222,0,0.1,0.0,0.1
generated,fitted,entropy_confidence,0.9795144268837616,444,1,0.2,0.0022522522522522522,0.2
generated,fitted,entropy_confidence,0.9674010709797064,666,2,0.3,0.003003003003003003,0.3
generated,fitted,entropy_confidence,0.9509527429229953,888,2,0.4,0.0022522522522522522,0.4
generated,fitted,entropy_confidence,0.9253642044715159,1110,2,0.5,0.0018018018018018018,0.5
generated,fitted,entropy_confidence,0.8826860176264203,1332,4,0.6,0.003003003003003003,0.6
generated,fitted,entropy_confidence,0.8047114494040856,1554,9,0.7,0.005791505791505791,0.7
generated,fitted,entropy_confidence,0.638554190617288,1776,21,0.8,0.011824324324324325,0.8
generated,fitted,entropy_confidence,0.38984649115321235,1998,57,0.9,0.028528528528528527,0.9
generated,fitted,entropy_confidence,2.5681588265991095e-05,2220,154,1.0,0.06936936936936937,1.0
manual_ai_authored,t1,max_probability,0.9998260546875385,18,0,0.1,0.0,0.1
manual_ai_authored,t1,max_probability,0.9996852423078437,36,0,0.2,0.0,0.2
manual_ai_authored,t1,max_probability,0.9995475239314138,54,0,0.3,0.0,0.3
manual_ai_authored,t1,max_probability,0.9993288938224447,72,0,0.4,0.0,0.4
manual_ai_authored,t1,max_probability,0.9990396459638657,90,0,0.5,0.0,0.5
manual_ai_authored,t1,max_probability,0.9986023996353686,108,0,0.6,0.0,0.6
manual_ai_authored,t1,max_probability,0.9975399528740955,126,0,0.7,0.0,0.7
manual_ai_authored,t1,max_probability,0.9949204353484499,144,0,0.8,0.0,0.8
manual_ai_authored,t1,max_probability,0.97037293076125,162,1,0.9,0.006172839506172839,0.9
manual_ai_authored,t1,max_probability,0.3653333367177821,180,8,1.0,0.044444444444444446,1.0
manual_ai_authored,t1,entropy_confidence,0.9986706774494445,18,0,0.1,0.0,0.1
manual_ai_authored,t1,entropy_confidence,0.9973921061713964,36,0,0.2,0.0,0.2
manual_ai_authored,t1,entropy_confidence,0.9960705152545718,54,0,0.3,0.0,0.3
manual_ai_authored,t1,entropy_confidence,0.994572856213257,72,0,0.4,0.0,0.4
manual_ai_authored,t1,entropy_confidence,0.9917569931660081,90,0,0.5,0.0,0.5
manual_ai_authored,t1,entropy_confidence,0.988625155380897,108,0,0.6,0.0,0.6
manual_ai_authored,t1,entropy_confidence,0.983354591625105,126,0,0.7,0.0,0.7
manual_ai_authored,t1,entropy_confidence,0.96310021196309,144,0,0.8,0.0,0.8
manual_ai_authored,t1,entropy_confidence,0.9050691662688825,162,1,0.9,0.006172839506172839,0.9
manual_ai_authored,t1,entropy_confidence,0.0024925117987606438,180,8,1.0,0.044444444444444446,1.0
manual_ai_authored,fitted,max_probability,0.9981520379726923,18,0,0.1,0.0,0.1
manual_ai_authored,fitted,max_probability,0.9969849292077042,36,0,0.2,0.0,0.2
manual_ai_authored,fitted,max_probability,0.9961093422848623,54,0,0.3,0.0,0.3
manual_ai_authored,fitted,max_probability,0.9951267873303288,72,0,0.4,0.0,0.4
manual_ai_authored,fitted,max_probability,0.9937039073540754,90,0,0.5,0.0,0.5
manual_ai_authored,fitted,max_probability,0.9917804633315992,108,0,0.6,0.0,0.6
manual_ai_authored,fitted,max_probability,0.9875713674970913,126,0,0.7,0.0,0.7
manual_ai_authored,fitted,max_probability,0.9765540229660253,144,0,0.8,0.0,0.8
manual_ai_authored,fitted,max_probability,0.9197682111255556,162,1,0.9,0.006172839506172839,0.9
manual_ai_authored,fitted,max_probability,0.3286149566975638,180,8,1.0,0.044444444444444446,1.0
manual_ai_authored,fitted,entropy_confidence,0.9876207610196327,18,0,0.1,0.0,0.1
manual_ai_authored,fitted,entropy_confidence,0.981274609130997,36,0,0.2,0.0,0.2
manual_ai_authored,fitted,entropy_confidence,0.9747433534944867,54,0,0.3,0.0,0.3
manual_ai_authored,fitted,entropy_confidence,0.9689819114693723,72,0,0.4,0.0,0.4
manual_ai_authored,fitted,entropy_confidence,0.958286227740982,90,0,0.5,0.0,0.5
manual_ai_authored,fitted,entropy_confidence,0.9459528787534989,108,0,0.6,0.0,0.6
manual_ai_authored,fitted,entropy_confidence,0.931256095775286,126,0,0.7,0.0,0.7
manual_ai_authored,fitted,entropy_confidence,0.8805370993933944,144,0,0.8,0.0,0.8
manual_ai_authored,fitted,entropy_confidence,0.7834692504786955,162,1,0.9,0.006172839506172839,0.9
manual_ai_authored,fitted,entropy_confidence,0.0013708042555624633,180,8,1.0,0.044444444444444446,1.0
choice,t1,max_probability,0.999937234634855,80,0,0.1,0.0,0.1
choice,t1,max_probability,0.999876305966284,160,0,0.2,0.0,0.2
choice,t1,max_probability,0.9997451751146259,240,0,0.3,0.0,0.3
choice,t1,max_probability,0.9995125296439852,320,0,0.4,0.0,0.4
choice,t1,max_probability,0.9989274617156371,400,0,0.5,0.0,0.5
choice,t1,max_probability,0.9972672684942295,480,0,0.6,0.0,0.6
choice,t1,max_probability,0.9924134588538903,560,1,0.7,0.0017857142857142857,0.7
choice,t1,max_probability,0.9683155010670381,640,4,0.8,0.00625,0.8
choice,t1,max_probability,0.8721482642874735,720,10,0.9,0.013888888888888888,0.9
choice,t1,max_probability,0.2541437353991412,800,32,1.0,0.04,1.0
choice,t1,entropy_confidence,0.9994939608406822,80,0,0.1,0.0,0.1
choice,t1,entropy_confidence,0.998972830915196,160,0,0.2,0.0,0.2
choice,t1,entropy_confidence,0.99817195153381,240,0,0.3,0.0,0.3
choice,t1,entropy_confidence,0.9963721437100909,320,0,0.4,0.0,0.4
choice,t1,entropy_confidence,0.993029781750624,400,0,0.5,0.0,0.5
choice,t1,entropy_confidence,0.9857051796457978,480,0,0.6,0.0,0.6
choice,t1,entropy_confidence,0.9646673090453891,560,1,0.7,0.0017857142857142857,0.7
choice,t1,entropy_confidence,0.8860181095409869,640,5,0.8,0.0078125,0.8
choice,t1,entropy_confidence,0.6779243935521317,720,9,0.9,0.0125,0.9
choice,t1,entropy_confidence,0.015305263287302862,800,32,1.0,0.04,1.0
choice,fitted,max_probability,0.9990551326238313,80,0,0.1,0.0,0.1
choice,fitted,max_probability,0.9984252864482832,160,0,0.2,0.0,0.2
choice,fitted,max_probability,0.9973193255908057,240,0,0.3,0.0,0.3
choice,fitted,max_probability,0.9957976250924554,320,0,0.4,0.0,0.4
choice,fitted,max_probability,0.9921945492933151,400,0,0.5,0.0,0.5
choice,fitted,max_probability,0.9842275761616578,480,0,0.6,0.0,0.6
choice,fitted,max_probability,0.9670652368287838,560,1,0.7,0.0017857142857142857,0.7
choice,fitted,max_probability,0.9128884760832093,640,4,0.8,0.00625,0.8
choice,fitted,max_probability,0.7691172842860233,720,10,0.9,0.013888888888888888,0.9
choice,fitted,max_probability,0.23382261326551368,800,32,1.0,0.04,1.0
choice,fitted,entropy_confidence,0.9937733576214479,80,0,0.1,0.0,0.1
choice,fitted,entropy_confidence,0.9900388981787996,160,0,0.2,0.0,0.2
choice,fitted,entropy_confidence,0.9851700148516358,240,0,0.3,0.0,0.3
choice,fitted,entropy_confidence,0.9765449430920055,320,0,0.4,0.0,0.4
choice,fitted,entropy_confidence,0.9620749158891273,400,0,0.5,0.0,0.5
choice,fitted,entropy_confidence,0.9341681625655698,480,0,0.6,0.0,0.6
choice,fitted,entropy_confidence,0.885485677558092,560,1,0.7,0.0017857142857142857,0.7
choice,fitted,entropy_confidence,0.7619382389801176,640,5,0.8,0.0078125,0.8
choice,fitted,entropy_confidence,0.5276330680226077,720,10,0.9,0.013888888888888888,0.9
choice,fitted,entropy_confidence,0.008451329606204427,800,32,1.0,0.04,1.0
noul,t1,max_probability,0.9998554225799358,80,0,0.1,0.0,0.1
noul,t1,max_probability,0.9997180525008775,160,0,0.2,0.0,0.2
noul,t1,max_probability,0.9994921981661027,240,0,0.3,0.0,0.3
noul,t1,max_probability,0.9990721978724384,320,0,0.4,0.0,0.4
noul,t1,max_probability,0.9980086013570624,400,0,0.5,0.0,0.5
noul,t1,max_probability,0.9964204390333664,480,0,0.6,0.0,0.6
noul,t1,max_probability,0.9923237731730753,560,0,0.7,0.0,0.7
noul,t1,max_probability,0.9725316404149689,640,0,0.8,0.0,0.8
noul,t1,max_probability,0.8806119141005876,720,7,0.9,0.009722222222222222,0.9
noul,t1,max_probability,0.5040244187061659,800,38,1.0,0.0475,1.0
noul,t1,entropy_confidence,0.9979472231580372,80,0,0.1,0.0,0.1
noul,t1,entropy_confidence,0.9962684875900729,160,0,0.2,0.0,0.2
noul,t1,entropy_confidence,0.9937104805114275,240,0,0.3,0.0,0.3
noul,t1,entropy_confidence,0.9893155041891579,320,0,0.4,0.0,0.4
noul,t1,entropy_confidence,0.9792630485090138,400,0,0.5,0.0,0.5
noul,t1,entropy_confidence,0.9657575207438928,480,0,0.6,0.0,0.6
noul,t1,entropy_confidence,0.9350396961016715,560,0,0.7,0.0,0.7
noul,t1,entropy_confidence,0.8184675917054264,640,0,0.8,0.0,0.8
noul,t1,entropy_confidence,0.4724006244324863,720,7,0.9,0.009722222222222222,0.9
noul,t1,entropy_confidence,4.673212631811641e-05,800,38,1.0,0.0475,1.0
noul,fitted,max_probability,0.9985780912185295,80,0,0.1,0.0,0.1
noul,fitted,max_probability,0.997668955256484,160,0,0.2,0.0,0.2
noul,fitted,max_probability,0.9963984124670052,240,0,0.3,0.0,0.3
noul,fitted,max_probability,0.9943792470409021,320,0,0.4,0.0,0.4
noul,fitted,max_probability,0.9901332589277623,400,0,0.5,0.0,0.5
noul,fitted,max_probability,0.9848245246642888,480,0,0.6,0.0,0.6
noul,fitted,max_probability,0.9735113220331633,560,0,0.7,0.0,0.7
noul,fitted,max_probability,0.9336498622065467,640,0,0.8,0.0,0.8
noul,fitted,max_probability,0.814770971326526,720,7,0.9,0.009722222222222222,0.9
noul,fitted,max_probability,0.5029833718232924,800,38,1.0,0.0475,1.0
noul,fitted,entropy_confidence,0.9845017285886918,80,0,0.1,0.0,0.1
noul,fitted,entropy_confidence,0.9762563982328901,160,0,0.2,0.0,0.2
noul,fitted,entropy_confidence,0.9655787447056016,240,0,0.3,0.0,0.3
noul,fitted,entropy_confidence,0.9498985541180854,320,0,0.4,0.0,0.4
noul,fitted,entropy_confidence,0.9200915846904394,400,0,0.5,0.0,0.5
noul,fitted,entropy_confidence,0.8865814271987387,480,0,0.6,0.0,0.6
noul,fitted,entropy_confidence,0.823535159289758,560,0,0.7,0.0,0.7
noul,fitted,entropy_confidence,0.6478469659703483,640,0,0.8,0.0,0.8
noul,fitted,entropy_confidence,0.30861642417239143,720,7,0.9,0.009722222222222222,0.9
noul,fitted,entropy_confidence,2.5681588265991095e-05,800,38,1.0,0.0475,1.0
score,t1,max_probability,0.9994715785413129,80,2,0.1,0.025,0.1
score,t1,max_probability,0.9990750946689412,160,2,0.2,0.0125,0.2
score,t1,max_probability,0.998307940376327,240,2,0.3,0.008333333333333333,0.3
score,t1,max_probability,0.9973126747035833,320,2,0.4,0.00625,0.4
score,t1,max_probability,0.9945167274483233,400,2,0.5,0.005,0.5
score,t1,max_probability,0.9872484016680432,480,5,0.6,0.010416666666666666,0.6
score,t1,max_probability,0.9633921512830997,560,9,0.7,0.01607142857142857,0.7
score,t1,max_probability,0.8800926675378996,640,16,0.8,0.025,0.8
score,t1,max_probability,0.645272127099749,720,47,0.9,0.06527777777777778,0.9
score,t1,max_probability,0.2927780076740514,800,92,1.0,0.115,1.0
score,t1,entropy_confidence,0.9964687522145018,80,1,0.1,0.0125,0.1
score,t1,entropy_confidence,0.9938496869358017,160,2,0.2,0.0125,0.2
score,t1,entropy_confidence,0.9904580919883376,240,2,0.3,0.008333333333333333,0.3
score,t1,entropy_confidence,0.9848979313055806,320,2,0.4,0.00625,0.4
score,t1,entropy_confidence,0.9720183485577254,400,3,0.5,0.0075,0.5
score,t1,entropy_confidence,0.9487140008124327,480,7,0.6,0.014583333333333334,0.6
score,t1,entropy_confidence,0.8864379783829673,560,8,0.7,0.014285714285714285,0.7
score,t1,entropy_confidence,0.7175760094064213,640,18,0.8,0.028125,0.8
score,t1,entropy_confidence,0.47291113845242294,720,44,0.9,0.06111111111111111,0.9
score,t1,entropy_confidence,0.008569435839565487,800,92,1.0,0.115,1.0
score,fitted,max_probability,0.9954865283013408,80,2,0.1,0.025,0.1
score,fitted,max_probability,0.9927539114003388,160,2,0.2,0.0125,0.2
score,fitted,max_probability,0.9889181525068989,240,2,0.3,0.008333333333333333,0.3
score,fitted,max_probability,0.9844251834158182,320,2,0.4,0.00625,0.4
score,fitted,max_probability,0.9736205095162701,400,2,0.5,0.005,0.5
score,fitted,max_probability,0.9516902082608917,480,4,0.6,0.008333333333333333,0.6
score,fitted,max_probability,0.9070463136222598,560,8,0.7,0.014285714285714285,0.7
score,fitted,max_probability,0.7813780244211046,640,15,0.8,0.0234375,0.8
score,fitted,max_probability,0.5638557201598903,720,50,0.9,0.06944444444444445,0.9
score,fitted,max_probability,0.27112749359561295,800,92,1.0,0.115,1.0
score,fitted,entropy_confidence,0.9751712081424806,80,1,0.1,0.0125,0.1
score,fitted,entropy_confidence,0.964321766386784,160,2,0.2,0.0125,0.2
score,fitted,entropy_confidence,0.9509527429229953,240,2,0.3,0.008333333333333333,0.3
score,fitted,entropy_confidence,0.932107142759731,320,2,0.4,0.00625,0.4
score,fitted,entropy_confidence,0.8968375896658572,400,3,0.5,0.0075,0.5
score,fitted,entropy_confidence,0.8425408394156908,480,6,0.6,0.0125,0.6
score,fitted,entropy_confidence,0.7567130480172924,560,8,0.7,0.014285714285714285,0.7
score,fitted,entropy_confidence,0.5769730524520789,640,20,0.8,0.03125,0.8
score,fitted,entropy_confidence,0.3571753593125141,720,46,0.9,0.06388888888888888,0.9
score,fitted,entropy_confidence,0.004721902507627718,800,92,1.0,0.115,1.0
