subset,condition,score,threshold,accepted,errors,coverage,risk
all,t1,max_probability,0.0,2400,162,1.0,0.0675
all,t1,max_probability,0.5,2364,135,0.985,0.05710659898477157
all,t1,max_probability,0.6,2298,104,0.9575,0.04525674499564839
all,t1,max_probability,0.7,2241,80,0.93375,0.035698348951361
all,t1,max_probability,0.8,2156,56,0.8983333333333333,0.025974025974025976
all,t1,max_probability,0.9,2046,30,0.8525,0.01466275659824047
all,t1,max_probability,0.95,1925,17,0.8020833333333334,0.008831168831168832
all,t1,max_probability,0.99,1608,4,0.67,0.0024875621890547263
all,t1,entropy_confidence,0.0,2400,162,1.0,0.0675
all,t1,entropy_confidence,0.5,2192,63,0.9133333333333333,0.02874087591240876
all,t1,entropy_confidence,0.6,2113,47,0.8804166666666666,0.022243256034074774
all,t1,entropy_confidence,0.7,2036,29,0.8483333333333334,0.01424361493123772
all,t1,entropy_confidence,0.8,1945,20,0.8104166666666667,0.010282776349614395
all,t1,entropy_confidence,0.9,1778,13,0.7408333333333333,0.007311586051743532
all,t1,entropy_confidence,0.95,1587,7,0.66125,0.004410838059231254
all,t1,entropy_confidence,0.99,992,2,0.41333333333333333,0.0020161290322580645
all,fitted,max_probability,0.0,2400,162,1.0,0.0675
all,fitted,max_probability,0.5,2332,121,0.9716666666666667,0.05188679245283019
all,fitted,max_probability,0.6,2251,84,0.9379166666666666,0.037316748111950244
all,fitted,max_probability,0.7,2173,60,0.9054166666666666,0.02761159687068569
all,fitted,max_probability,0.8,2073,33,0.86375,0.015918958031837915
all,fitted,max_probability,0.9,1890,15,0.7875,0.007936507936507936
all,fitted,max_probability,0.95,1697,6,0.7070833333333333,0.0035356511490866236
all,fitted,max_probability,0.99,1060,2,0.44166666666666665,0.0018867924528301887
all,fitted,entropy_confidence,0.0,2400,162,1.0,0.0675
all,fitted,entropy_confidence,0.5,2076,41,0.865,0.0197495183044316
all,fitted,entropy_confidence,0.6,1985,27,0.8270833333333333,0.013602015113350126
all,fitted,entropy_confidence,0.7,1867,14,0.7779166666666667,0.007498660953401178
all,fitted,entropy_confidence,0.8,1715,10,0.7145833333333333,0.0058309037900874635
all,fitted,entropy_confidence,0.9,1388,3,0.5783333333333334,0.002161383285302594
all,fitted,entropy_confidence,0.95,1005,2,0.41875,0.001990049751243781
all,fitted,entropy_confidence,0.99,189,0,0.07875,0.0
generated,t1,max_probability,0.0,2220,154,1.0,0.06936936936936937
generated,t1,max_probability,0.5,2186,129,0.9846846846846847,0.05901189387008234
generated,t1,max_probability,0.6,2123,100,0.9563063063063063,0.047103155911446065
generated,t1,max_probability,0.7,2067,77,0.9310810810810811,0.03725205611998065
generated,t1,max_probability,0.8,1985,53,0.8941441441441441,0.026700251889168764
generated,t1,max_probability,0.9,1878,28,0.845945945945946,0.014909478168264111
generated,t1,max_probability,0.95,1760,15,0.7927927927927928,0.008522727272727272
generated,t1,max_probability,0.99,1458,4,0.6567567567567567,0.0027434842249657062
generated,t1,entropy_confidence,0.0,2220,154,1.0,0.06936936936936937
generated,t1,entropy_confidence,0.5,2021,60,0.9103603603603604,0.029688273132112815
generated,t1,entropy_confidence,0.6,1943,45,0.8752252252252253,0.023160061760164694
generated,t1,entropy_confidence,0.7,1868,27,0.8414414414414414,0.014453961456102784
generated,t1,entropy_confidence,0.8,1778,18,0.8009009009009009,0.010123734533183352
generated,t1,entropy_confidence,0.9,1616,12,0.7279279279279279,0.007425742574257425
generated,t1,entropy_confidence,0.95,1435,7,0.6463963963963963,0.004878048780487805
generated,t1,entropy_confidence,0.99,889,2,0.40045045045045047,0.0022497187851518562
generated,fitted,max_probability,0.0,2220,154,1.0,0.06936936936936937
generated,fitted,max_probability,0.5,2155,116,0.9707207207207207,0.05382830626450116
generated,fitted,max_probability,0.6,2077,81,0.9355855855855856,0.038998555609051515
generated,fitted,max_probability,0.7,2003,58,0.9022522522522523,0.02895656515227159
generated,fitted,max_probability,0.8,1905,31,0.8581081081081081,0.01627296587926509
generated,fitted,max_probability,0.9,1726,13,0.7774774774774775,0.007531865585168019
generated,fitted,max_probability,0.95,1544,6,0.6954954954954955,0.0038860103626943004
generated,fitted,max_probability,0.99,945,2,0.42567567567567566,0.0021164021164021165
generated,fitted,entropy_confidence,0.0,2220,154,1.0,0.06936936936936937
generated,fitted,entropy_confidence,0.5,1906,39,0.8585585585585586,0.020461699895068207
generated,fitted,entropy_confidence,0.6,1818,25,0.8189189189189189,0.013751375137513752
generated,fitted,entropy_confidence,0.7,1703,12,0.7671171171171172,0.007046388725778039
generated,fitted,entropy_confidence,0.8,1559,10,0.7022522522522523,0.006414368184733804
generated,fitted,entropy_confidence,0.9,1248,3,0.5621621621621622,0.002403846153846154
generated,fitted,entropy_confidence,0.95,901,2,0.4058558558558559,0.0022197558268590455
generated,fitted,entropy_confidence,0.99,176,0,0.07927927927927927,0.0
manual_ai_authored,t1,max_probability,0.0,180,8,1.0,0.044444444444444446
manual_ai_authored,t1,max_probability,0.5,178,6,0.9888888888888889,0.033707865168539325
manual_ai_authored,t1,max_probability,0.6,175,4,0.9722222222222222,0.022857142857142857
manual_ai_authored,t1,max_probability,0.7,174,3,0.9666666666666667,0.017241379310344827
manual_ai_authored,t1,max_probability,0.8,171,3,0.95,0.017543859649122806
manual_ai_authored,t1,max_probability,0.9,168,2,0.9333333333333333,0.011904761904761904
manual_ai_authored,t1,max_probability,0.95,165,2,0.9166666666666666,0.012121212121212121
manual_ai_authored,t1,max_probability,0.99,150,0,0.8333333333333334,0.0
manual_ai_authored,t1,entropy_confidence,0.0,180,8,1.0,0.044444444444444446
manual_ai_authored,t1,entropy_confidence,0.5,171,3,0.95,0.017543859649122806
manual_ai_authored,t1,entropy_confidence,0.6,170,2,0.9444444444444444,0.011764705882352941
manual_ai_authored,t1,entropy_confidence,0.7,168,2,0.9333333333333333,0.011904761904761904
manual_ai_authored,t1,entropy_confidence,0.8,167,2,0.9277777777777778,0.011976047904191617
manual_ai_authored,t1,entropy_confidence,0.9,162,1,0.9,0.006172839506172839
manual_ai_authored,t1,entropy_confidence,0.95,152,0,0.8444444444444444,0.0
manual_ai_authored,t1,entropy_confidence,0.99,103,0,0.5722222222222222,0.0
manual_ai_authored,fitted,max_probability,0.0,180,8,1.0,0.044444444444444446
manual_ai_authored,fitted,max_probability,0.5,177,5,0.9833333333333333,0.02824858757062147
manual_ai_authored,fitted,max_probability,0.6,174,3,0.9666666666666667,0.017241379310344827
manual_ai_authored,fitted,max_probability,0.7,170,2,0.9444444444444444,0.011764705882352941
manual_ai_authored,fitted,max_probability,0.8,168,2,0.9333333333333333,0.011904761904761904
manual_ai_authored,fitted,max_probability,0.9,164,2,0.9111111111111111,0.012195121951219513
manual_ai_authored,fitted,max_probability,0.95,153,0,0.85,0.0
manual_ai_authored,fitted,max_probability,0.99,115,0,0.6388888888888888,0.0
manual_ai_authored,fitted,entropy_confidence,0.0,180,8,1.0,0.044444444444444446
manual_ai_authored,fitted,entropy_confidence,0.5,170,2,0.9444444444444444,0.011764705882352941
manual_ai_authored,fitted,entropy_confidence,0.6,167,2,0.9277777777777778,0.011976047904191617
manual_ai_authored,fitted,entropy_confidence,0.7,164,2,0.9111111111111111,0.012195121951219513
manual_ai_authored,fitted,entropy_confidence,0.8,156,0,0.8666666666666667,0.0
manual_ai_authored,fitted,entropy_confidence,0.9,140,0,0.7777777777777778,0.0
manual_ai_authored,fitted,entropy_confidence,0.95,104,0,0.5777777777777777,0.0
manual_ai_authored,fitted,entropy_confidence,0.99,13,0,0.07222222222222222,0.0
choice,t1,max_probability,0.0,800,32,1.0,0.04
choice,t1,max_probability,0.5,792,27,0.99,0.03409090909090909
choice,t1,max_probability,0.6,782,23,0.9775,0.029411764705882353
choice,t1,max_probability,0.7,762,14,0.9525,0.01837270341207349
choice,t1,max_probability,0.8,739,12,0.92375,0.016238159675236806
choice,t1,max_probability,0.9,709,9,0.88625,0.012693935119887164
choice,t1,max_probability,0.95,668,7,0.835,0.010479041916167664
choice,t1,max_probability,0.99,573,1,0.71625,0.0017452006980802793
choice,t1,entropy_confidence,0.0,800,32,1.0,0.04
choice,t1,entropy_confidence,0.5,760,14,0.95,0.018421052631578946
choice,t1,entropy_confidence,0.6,739,11,0.92375,0.014884979702300407
choice,t1,entropy_confidence,0.7,714,9,0.8925,0.012605042016806723
choice,t1,entropy_confidence,0.8,685,7,0.85625,0.010218978102189781
choice,t1,entropy_confidence,0.9,635,5,0.79375,0.007874015748031496
choice,t1,entropy_confidence,0.95,589,2,0.73625,0.003395585738539898
choice,t1,entropy_confidence,0.99,435,0,0.54375,0.0
choice,fitted,max_probability,0.0,800,32,1.0,0.04
choice,fitted,max_probability,0.5,787,24,0.98375,0.030495552731893267
choice,fitted,max_probability,0.6,763,13,0.95375,0.01703800786369594
choice,fitted,max_probability,0.7,740,11,0.925,0.014864864864864866
choice,fitted,max_probability,0.8,712,9,0.89,0.012640449438202247
choice,fitted,max_probability,0.9,651,5,0.81375,0.007680491551459293
choice,fitted,max_probability,0.95,598,1,0.7475,0.0016722408026755853
choice,fitted,max_probability,0.99,439,0,0.54875,0.0
choice,fitted,entropy_confidence,0.0,800,32,1.0,0.04
choice,fitted,entropy_confidence,0.5,727,10,0.90875,0.013755158184319119
choice,fitted,entropy_confidence,0.6,695,7,0.86875,0.010071942446043165
choice,fitted,entropy_confidence,0.7,659,5,0.82375,0.007587253414264037
choice,fitted,entropy_confidence,0.8,615,2,0.76875,0.0032520325203252032
choice,fitted,entropy_confidence,0.9,540,0,0.675,0.0
choice,fitted,entropy_confidence,0.95,438,0,0.5475,0.0
choice,fitted,entropy_confidence,0.99,160,0,0.2,0.0
noul,t1,max_probability,0.0,800,38,1.0,0.0475
noul,t1,max_probability,0.5,800,38,1.0,0.0475
noul,t1,max_probability,0.6,787,30,0.98375,0.03811944091486658
noul,t1,max_probability,0.7,777,27,0.97125,0.03474903474903475
noul,t1,max_probability,0.8,749,18,0.93625,0.02403204272363151
noul,t1,max_probability,0.9,711,5,0.88875,0.007032348804500703
noul,t1,max_probability,0.95,674,1,0.8425,0.001483679525222552
noul,t1,max_probability,0.99,579,0,0.72375,0.0
noul,t1,entropy_confidence,0.0,800,38,1.0,0.0475
noul,t1,entropy_confidence,0.5,716,5,0.895,0.006983240223463687
noul,t1,entropy_confidence,0.6,696,3,0.87,0.004310344827586207
noul,t1,entropy_confidence,0.7,675,1,0.84375,0.0014814814814814814
noul,t1,entropy_confidence,0.8,652,0,0.815,0.0
noul,t1,entropy_confidence,0.9,596,0,0.745,0.0
noul,t1,entropy_confidence,0.95,524,0,0.655,0.0
noul,t1,entropy_confidence,0.99,311,0,0.38875,0.0
noul,fitted,max_probability,0.0,800,38,1.0,0.0475
noul,fitted,max_probability,0.5,800,38,1.0,0.0475
noul,fitted,max_probability,0.6,784,30,0.98,0.03826530612244898
noul,fitted,max_probability,0.7,760,22,0.95,0.02894736842105263
noul,fitted,max_probability,0.8,728,9,0.91,0.012362637362637362
noul,fitted,max_probability,0.9,674,1,0.8425,0.001483679525222552
noul,fitted,max_probability,0.95,614,0,0.7675,0.0
noul,fitted,max_probability,0.99,401,0,0.50125,0.0
noul,fitted,entropy_confidence,0.0,800,38,1.0,0.0475
noul,fitted,entropy_confidence,0.5,678,2,0.8475,0.0029498525073746312
noul,fitted,entropy_confidence,0.6,659,0,0.82375,0.0
noul,fitted,entropy_confidence,0.7,620,0,0.775,0.0
noul,fitted,entropy_confidence,0.8,573,0,0.71625,0.0
noul,fitted,entropy_confidence,0.9,453,0,0.56625,0.0
noul,fitted,entropy_confidence,0.95,318,0,0.3975,0.0
noul,fitted,entropy_confidence,0.99,25,0,0.03125,0.0
score,t1,max_probability,0.0,800,92,1.0,0.115
score,t1,max_probability,0.5,772,70,0.965,0.09067357512953368
score,t1,max_probability,0.6,729,51,0.91125,0.06995884773662552
score,t1,max_probability,0.7,702,39,0.8775,0.05555555555555555
score,t1,max_probability,0.8,668,26,0.835,0.038922155688622756
score,t1,max_probability,0.9,626,16,0.7825,0.025559105431309903
score,t1,max_probability,0.95,583,9,0.72875,0.015437392795883362
score,t1,max_probability,0.99,456,3,0.57,0.006578947368421052
score,t1,entropy_confidence,0.0,800,92,1.0,0.115
score,t1,entropy_confidence,0.5,716,44,0.895,0.061452513966480445
score,t1,entropy_confidence,0.6,678,33,0.8475,0.048672566371681415
score,t1,entropy_confidence,0.7,647,19,0.80875,0.02936630602782071
score,t1,entropy_confidence,0.8,608,13,0.76,0.02138157894736842
score,t1,entropy_confidence,0.9,547,8,0.68375,0.014625228519195612
score,t1,entropy_confidence,0.95,474,5,0.5925,0.010548523206751054
score,t1,entropy_confidence,0.99,246,2,0.3075,0.008130081300813009
score,fitted,max_probability,0.0,800,92,1.0,0.115
score,fitted,max_probability,0.5,745,59,0.93125,0.07919463087248323
score,fitted,max_probability,0.6,704,41,0.88,0.05823863636363636
score,fitted,max_probability,0.7,673,27,0.84125,0.04011887072808321
score,fitted,max_probability,0.8,633,15,0.79125,0.023696682464454975
score,fitted,max_probability,0.9,565,9,0.70625,0.01592920353982301
score,fitted,max_probability,0.95,485,5,0.60625,0.010309278350515464
score,fitted,max_probability,0.99,220,2,0.275,0.00909090909090909
score,fitted,entropy_confidence,0.0,800,92,1.0,0.115
score,fitted,entropy_confidence,0.5,671,29,0.83875,0.043219076005961254
score,fitted,entropy_confidence,0.6,631,20,0.78875,0.03169572107765452
score,fitted,entropy_confidence,0.7,588,9,0.735,0.015306122448979591
score,fitted,entropy_confidence,0.8,527,8,0.65875,0.015180265654648957
score,fitted,entropy_confidence,0.9,395,3,0.49375,0.007594936708860759
score,fitted,entropy_confidence,0.95,249,2,0.31125,0.008032128514056224
score,fitted,entropy_confidence,0.99,4,0,0.005,0.0
